Soil,Sample_Type,Treatment,Experimental_Run,Replicate,Phytohormone,Concentration_ng_g
C10,Root,Control,2,8,SA,39.14285714
C10,Root,Control,2,9,SA,32.73076923
C10,Root,Control,2,10,SA,30.5
C10,Root,Insect,2,9,SA,48.07692308
C10,Root,Insect,2,10,SA,39.4
C10,Root,Insect,2,11,SA,31.80392157
S16,Root,Control,3,8,SA,43.26530612
S16,Root,Control,3,9,SA,27.16981132
S16,Root,Control,3,10,SA,27.92307692
S16,Root,Insect,3,9,SA,41.63265306
S16,Root,Insect,3,10,SA,31.33333333
S16,Root,Insect,3,11,SA,35.72
S16,Root,Insect,3,1,SA,136
S16,Root,Insect,3,2,SA,221.2
S16,Root,Insect,3,3,SA,235.7692308
S16,Root,Insect,3,4,SA,201.6666667
S16,Root,Insect,3,5,SA,185.3846154
S16,Root,Insect,3,6,SA,219.1666667
C10,Root,Control,2,1,SA,173.6
C10,Root,Control,2,2,SA,166
C10,Root,Control,2,3,SA,174.8
C10,Root,Control,2,4,SA,171.1538462
C10,Root,Control,2,5,SA,190.4166667
C10,Root,Control,2,6,SA,220.4
C10,Root,Insect,2,1,SA,175.8333333
C10,Root,Insect,2,2,SA,233.6
C10,Root,Insect,2,3,SA,200.3921569
C10,Root,Insect,2,4,SA,183.3333333
C10,Root,Insect,2,5,SA,152
C10,Root,Insect,2,6,SA,159.6153846
C10,Root,Insect,2,7,SA,187.2
C10,Root,Insect,2,8,SA,336
C112,Root,Control,2,1,SA,209.1666667
C112,Root,Control,2,2,SA,278.8
C112,Root,Control,2,4,SA,148.627451
C112,Root,Control,2,3,SA,191.1538462
C112,Root,Control,2,5,SA,194.8
C112,Root,Control,2,6,SA,188.2352941
C112,Root,Insect,2,1,SA,209.7959184
C112,Root,Insect,2,2,SA,157.6470588
C112,Root,Insect,2,3,SA,148.3333333
C112,Root,Insect,2,4,SA,171.7647059
C112,Root,Insect,2,5,SA,167.755102
C112,Root,Insect,2,6,SA,204.4
C112,Root,Insect,2,7,SA,140
S16,Root,Control,2,1,SA,216.5384615
S16,Root,Control,2,2,SA,252.5
S16,Root,Control,2,3,SA,203.3333333
S16,Root,Control,2,4,SA,316.0784314
S16,Root,Control,2,5,SA,228.4
S16,Root,Control,2,6,SA,423.0769231
S16,Root,Insect,2,1,SA,247.2
S16,Root,Insect,2,2,SA,235
S16,Root,Insect,2,3,SA,166.25
S16,Root,Insect,2,4,SA,308.4615385
S16,Root,Insect,2,5,SA,250.2040816
S16,Root,Insect,2,6,SA,234.6938776
S16,Root,Insect,2,7,SA,276.1538462
S16,Root,Insect,2,8,SA,NA
S7,Root,Control,2,1,SA,262.0408163
S7,Root,Control,2,2,SA,188.5714286
S7,Root,Control,2,3,SA,333.3333333
S7,Root,Control,2,4,SA,346.1538462
S7,Root,Control,2,5,SA,216.5384615
S7,Root,Control,2,6,SA,253.8461538
S7,Root,Insect,2,1,SA,205.3846154
S7,Root,Insect,2,2,SA,191.2
S7,Root,Insect,2,3,SA,242.8
S7,Root,Insect,2,4,SA,241.1764706
S7,Root,Insect,4,5,SA,380.4166667
S7,Root,Insect,4,6,SA,224.1666667
S7,Root,Insect,4,7,SA,186.5306122
S7,Root,Insect,4,8,SA,196.0784314
C10,Root,Control,3,10,SA,233.2
C10,Root,Control,3,2,SA,302.6923077
C10,Root,Control,3,3,SA,469.3877551
C10,Root,Control,3,4,SA,234.2307692
C10,Root,Control,3,5,SA,317.0833333
C10,Root,Control,3,6,SA,299.6078431
C10,Root,Insect,3,1,SA,208.9795918
C10,Root,Insect,3,2,SA,220.3921569
C10,Root,Insect,3,3,SA,240
C10,Root,Insect,3,5,SA,333.0769231
C10,Root,Insect,3,4,SA,419.2307692
C10,Root,Insect,3,6,SA,194.2307692
C10,Root,Insect,3,7,SA,290
C10,Root,Insect,3,8,SA,283.75
C112,Root,Control,3,1,SA,198.0392157
C112,Root,Control,3,2,SA,228.4615385
C112,Root,Control,3,3,SA,230
C112,Root,Control,3,4,SA,227.5
C112,Root,Control,3,5,SA,217.2
C112,Root,Control,3,6,SA,271.6666667
C112,Root,Insect,3,1,SA,326.9230769
C112,Root,Insect,3,2,SA,193.0769231
C112,Root,Insect,3,3,SA,186.9387755
C112,Root,Insect,3,4,SA,247.3469388
C112,Root,Insect,3,5,SA,147.4509804
C112,Root,Insect,3,6,SA,170.4166667
C112,Root,Insect,3,7,SA,195
S16,Root,Control,3,1,SA,170.3846154
S16,Root,Control,3,2,SA,220.8163265
S16,Root,Control,3,3,SA,260
S16,Root,Control,3,5,SA,188.627451
S16,Root,Control,3,4,SA,281.25
S16,Root,Control,3,6,SA,215
S16,Root,Insect,3,1,SA,141.9607843
S7,Root,Control,3,1,SA,295.5102041
S7,Root,Control,3,2,SA,208.5714286
S7,Root,Control,3,3,SA,312.9411765
S7,Root,Control,3,4,SA,268.627451
S7,Root,Control,3,5,SA,272.6315789
S7,Root,Control,3,6,SA,236.1538462
S7,Root,Insect,3,1,SA,245.8823529
S7,Root,Insect,3,2,SA,270.4166667
S7,Root,Insect,3,3,SA,220
S7,Root,Insect,3,4,SA,229.1666667
S7,Root,Insect,3,5,SA,231.8367347
S7,Root,Insect,3,6,SA,223.6
S7,Root,Insect,3,7,SA,203.8461538
S7,Root,Insect,3,8,SA,184.8
C112,Root,Insect,4,8,SA,318.8
S16,Leaf,Control,3,8,SA,352
S16,Leaf,Control,3,9,SA,411.5384615
S16,Leaf,Control,3,10,SA,880
S16,Leaf,Insect,3,9,SA,1369.230769
S16,Leaf,Insect,3,10,SA,1824.489796
S16,Leaf,Insect,3,11,SA,980.3921569
C10,Leaf,Control,1,1,SA,1046.153846
C10,Leaf,Control,1,2,SA,354.9019608
C10,Leaf,Control,1,3,SA,661.5384615
C10,Leaf,Control,1,4,SA,701.9607843
C10,Leaf,Control,1,5,SA,969.8113208
C10,Leaf,Control,1,6,SA,1141.176471
C10,Leaf,Insect,1,1,SA,1880
C10,Leaf,Insect,1,2,SA,1152
C10,Leaf,Insect,1,3,SA,1520.833333
C10,Leaf,Insect,1,4,SA,1992.156863
C10,Leaf,Insect,1,5,SA,2270.833333
C10,Leaf,Insect,1,6,SA,1365.384615
C10,Leaf,Insect,1,7,SA,1096.153846
C10,Leaf,Insect,1,8,SA,2258.333333
C112,Leaf,Control,1,1,SA,1073.076923
C112,Leaf,Control,1,2,SA,1349.019608
C112,Leaf,Control,1,3,SA,980
C112,Leaf,Control,1,4,SA,1329.411765
C112,Leaf,Control,1,5,SA,905.8823529
C112,Leaf,Control,1,6,SA,445.8333333
C112,Leaf,Insect,1,1,SA,788.6792453
C112,Leaf,Insect,1,2,SA,1880.769231
C112,Leaf,Insect,1,3,SA,1572
C112,Leaf,Insect,1,4,SA,1260
C112,Leaf,Insect,1,5,SA,1352
C112,Leaf,Insect,1,6,SA,1301.960784
C112,Leaf,Insect,1,7,SA,1269.230769
C112,Leaf,Insect,1,8,SA,2088
S16,Leaf,Control,1,1,SA,1869.230769
S16,Leaf,Control,1,2,SA,3430.769231
S16,Leaf,Control,1,3,SA,1461.538462
S16,Leaf,Control,1,4,SA,1257.692308
S16,Leaf,Control,1,5,SA,2050.980392
S16,Leaf,Control,1,6,SA,1354.166667
S16,Leaf,Insect,1,1,SA,1980
S16,Leaf,Insect,1,2,SA,3234.615385
S16,Leaf,Insect,1,3,SA,2200
S16,Leaf,Insect,1,4,SA,1172.54902
S16,Leaf,Insect,1,5,SA,1570.833333
S16,Leaf,Insect,1,6,SA,1328
S7,Leaf,Control,1,1,SA,929.1666667
S7,Leaf,Control,1,2,SA,1038.461538
S7,Leaf,Control,1,3,SA,886.2745098
S7,Leaf,Control,1,4,SA,612.244898
S7,Leaf,Control,1,5,SA,815.6862745
S7,Leaf,Control,1,6,SA,1036
S7,Leaf,Insect,1,1,SA,1365.384615
S7,Leaf,Insect,1,2,SA,2878.431373
S7,Leaf,Insect,1,3,SA,1933.333333
S7,Leaf,Insect,1,4,SA,1762.5
S7,Leaf,Insect,1,5,SA,1768
S7,Leaf,Insect,1,6,SA,2984
S7,Leaf,Insect,1,7,SA,2208.163265
C10,Leaf,Control,3,10,SA,1107.692308
C10,Leaf,Control,3,2,SA,930.7692308
C10,Leaf,Control,3,3,SA,975.5102041
C10,Leaf,Control,3,4,SA,946.1538462
C10,Leaf,Control,3,5,SA,875
C10,Leaf,Control,3,6,SA,729.1666667
C10,Leaf,Insect,3,1,SA,2120.833333
C10,Leaf,Insect,3,2,SA,2423.529412
C10,Leaf,Insect,3,3,SA,2710.204082
C10,Leaf,Insect,3,4,SA,2958.333333
C10,Leaf,Insect,3,5,SA,1369.230769
C10,Leaf,Insect,3,6,SA,2403.921569
C10,Leaf,Insect,3,7,SA,2130.612245
C10,Leaf,Insect,3,8,SA,1625
C112,Leaf,Control,3,1,SA,1000
C112,Leaf,Control,3,2,SA,542.8571429
C112,Leaf,Control,3,3,SA,595.8333333
C112,Leaf,Control,3,5,SA,474.5098039
C112,Leaf,Control,3,4,SA,820.4081633
C112,Leaf,Control,3,6,SA,737.5
C112,Leaf,Insect,3,1,SA,1644
C112,Leaf,Insect,3,2,SA,910.2040816
C112,Leaf,Insect,3,3,SA,1439.215686
C112,Leaf,Insect,3,4,SA,1500
C112,Leaf,Insect,3,5,SA,1024
C112,Leaf,Insect,3,6,SA,914.2857143
C112,Leaf,Insect,3,7,SA,1282.352941
S16,Leaf,Control,3,1,SA,928
S16,Leaf,Control,3,2,SA,1076
S16,Leaf,Control,3,3,SA,942.8571429
S16,Leaf,Control,3,4,SA,1095.833333
S16,Leaf,Control,3,5,SA,607.6923077
S16,Leaf,Control,3,6,SA,1154.166667
S16,Leaf,Insect,3,1,SA,1261.538462
S16,Leaf,Insect,3,2,SA,2044.897959
S16,Leaf,Insect,3,5,SA,1584.313725
S16,Leaf,Insect,3,4,SA,1491.666667
S16,Leaf,Insect,3,3,SA,1254.901961
S16,Leaf,Insect,3,6,SA,1734.693878
S16,Leaf,Insect,3,7,SA,1657.692308
S16,Leaf,Insect,3,8,SA,1718.367347
S7,Leaf,Control,3,1,SA,623.5294118
S7,Leaf,Control,3,2,SA,898.0392157
S7,Leaf,Control,3,3,SA,991.8367347
S7,Leaf,Control,3,4,SA,720
S7,Leaf,Control,3,5,SA,673.0769231
S7,Leaf,Control,3,6,SA,661.2244898
S7,Leaf,Insect,3,1,SA,2052
S7,Leaf,Insect,3,3,SA,1885.714286
S7,Leaf,Insect,3,2,SA,1338.461538
S7,Leaf,Insect,3,4,SA,2076
S7,Leaf,Insect,3,6,SA,1446.153846
S7,Leaf,Insect,3,5,SA,1962.5
S7,Leaf,Insect,3,9,SA,2544
S7,Leaf,Insect,3,8,SA,1841.666667
S16,Root,Control,3,8,ABA,4.044897959
S16,Root,Control,3,9,ABA,0.543396226
S16,Root,Control,3,10,ABA,1.615384615
S16,Root,Insect,3,9,ABA,1.775510204
S16,Root,Insect,3,10,ABA,1.376470588
S16,Root,Insect,3,11,ABA,4.36
C10,Root,Control,1,1,ABA,11.5
C10,Root,Control,1,2,ABA,0.204897959
C10,Root,Control,1,3,ABA,16.53846154
C10,Root,Control,1,4,ABA,8.24
C10,Root,Control,1,5,ABA,5.959183673
C10,Root,Control,1,6,ABA,16.34615385
C10,Root,Insect,1,1,ABA,45.2
C10,Root,Insect,1,2,ABA,33.7254902
C10,Root,Insect,1,3,ABA,44.8
C10,Root,Insect,1,4,ABA,35.70833333
C10,Root,Insect,1,5,ABA,53.2
C10,Root,Insect,1,6,ABA,21.15384615
C10,Root,Insect,1,7,ABA,24.56
C10,Root,Insect,1,8,ABA,47.34693878
C112,Root,Control,1,1,ABA,7.923076923
C112,Root,Control,1,2,ABA,9.918367347
C112,Root,Control,1,3,ABA,15.88
C112,Root,Control,1,4,ABA,8.307692308
C112,Root,Control,1,5,ABA,17.83333333
C112,Root,Control,1,6,ABA,19.05882353
C112,Root,Insect,1,1,ABA,16.73469388
C112,Root,Insect,1,2,ABA,21.96
C112,Root,Insect,1,3,ABA,24.84615385
C112,Root,Insect,1,4,ABA,22.24489796
C112,Root,Insect,1,5,ABA,31.25490196
C112,Root,Insect,1,6,ABA,21.48
C112,Root,Insect,1,7,ABA,29.88235294
C112,Root,Insect,1,8,ABA,32.35294118
S16,Root,Control,1,1,ABA,3.65
S16,Root,Control,1,2,ABA,6.115384615
S16,Root,Control,1,3,ABA,2.524
S16,Root,Control,1,5,ABA,6.96
S16,Root,Control,1,4,ABA,3.12
S16,Root,Control,1,6,ABA,1.703846154
S16,Root,Insect,3,1,ABA,4.84
S16,Root,Insect,3,2,ABA,18.36
S16,Root,Insect,3,3,ABA,5.961538462
S16,Root,Insect,3,4,ABA,7.958333333
S16,Root,Insect,3,5,ABA,0.642307692
S16,Root,Insect,3,6,ABA,15.83333333
S7,Root,Control,1,1,ABA,3.444
S7,Root,Control,1,2,ABA,5.730769231
S7,Root,Control,1,3,ABA,5.458333333
S7,Root,Control,1,4,ABA,12.35294118
S7,Root,Control,1,5,ABA,9.08
S7,Root,Control,1,6,ABA,19.80769231
S7,Root,Insect,1,1,ABA,33.04
S7,Root,Insect,1,2,ABA,47.08333333
S7,Root,Insect,1,3,ABA,4.961538462
S7,Root,Insect,1,4,ABA,60.40816327
S7,Root,Insect,1,5,ABA,55
S7,Root,Insect,1,6,ABA,18.94117647
S7,Root,Insect,1,7,ABA,58.07692308
C10,Root,Control,3,10,ABA,16.28
C10,Root,Control,3,2,ABA,20.38461538
C10,Root,Control,3,3,ABA,0.967346939
C10,Root,Control,3,4,ABA,1.688461538
C10,Root,Control,3,5,ABA,6.041666667
C10,Root,Control,3,6,ABA,12.8627451
C10,Root,Insect,3,1,ABA,117.9591837
C10,Root,Insect,3,2,ABA,15.88235294
C10,Root,Insect,3,3,ABA,30.04081633
C10,Root,Insect,3,5,ABA,1.553846154
C10,Root,Insect,3,4,ABA,27.73076923
C10,Root,Insect,3,6,ABA,20.84615385
C10,Root,Insect,3,7,ABA,23.80769231
C10,Root,Insect,3,8,ABA,9.041666667
C112,Root,Control,3,1,ABA,6.31372549
C112,Root,Control,3,2,ABA,18.96153846
C112,Root,Control,3,3,ABA,4.875
C112,Root,Control,3,4,ABA,5.25
C112,Root,Control,3,5,ABA,4.52
C112,Root,Control,3,6,ABA,17.83333333
C112,Root,Insect,3,1,ABA,31.15384615
C112,Root,Insect,3,2,ABA,9.576923077
C112,Root,Insect,3,3,ABA,9.714285714
C112,Root,Insect,3,4,ABA,15.95918367
C112,Root,Insect,3,5,ABA,8.039215686
C112,Root,Insect,3,6,ABA,0.966666667
C112,Root,Insect,3,7,ABA,8.375
S16,Root,Control,3,1,ABA,0.765384615
S16,Root,Control,3,2,ABA,2.318367347
S16,Root,Control,3,3,ABA,1.026923077
S16,Root,Control,3,5,ABA,0.319215686
S16,Root,Control,3,4,ABA,2.358333333
S16,Root,Control,3,6,ABA,4.791666667
S16,Root,Insect,3,1,ABA,32.90196078
S16,Root,Insect,1,2,ABA,20.62745098
S16,Root,Insect,1,3,ABA,27.83673469
S16,Root,Insect,1,4,ABA,14.88461538
S16,Root,Insect,1,5,ABA,49.79591837
S16,Root,Insect,1,6,ABA,38.375
S16,Root,Insect,1,7,ABA,49.23076923
S16,Root,Insect,1,8,ABA,4.244897959
S7,Root,Control,3,1,ABA,3.92244898
S7,Root,Control,3,2,ABA,3.326530612
S7,Root,Control,3,3,ABA,0.297254902
S7,Root,Control,3,4,ABA,1.831372549
S7,Root,Control,3,5,ABA,1.589473684
S7,Root,Control,3,6,ABA,6.192307692
S7,Root,Insect,3,1,ABA,16.50980392
S7,Root,Insect,3,2,ABA,31.08333333
S7,Root,Insect,3,3,ABA,20.12244898
S7,Root,Insect,3,4,ABA,32.20833333
S7,Root,Insect,3,5,ABA,24.32653061
S7,Root,Insect,3,6,ABA,18.76
S7,Root,Insect,3,7,ABA,29.57692308
S7,Root,Insect,3,8,ABA,11.72
C10,Leaf,Control,4,8,ABA,8.8
C10,Leaf,Control,4,9,ABA,8.653846154
C10,Leaf,Control,4,10,ABA,7.183673469
C10,Leaf,Insect,4,9,ABA,43.46153846
C10,Leaf,Insect,4,10,ABA,25.68
C10,Leaf,Insect,4,11,ABA,25.20754717
S16,Leaf,Control,3,8,ABA,3.776
S16,Leaf,Control,3,9,ABA,4.653846154
S16,Leaf,Control,3,10,ABA,10.96
S16,Leaf,Insect,3,9,ABA,32.73076923
S16,Leaf,Insect,3,10,ABA,35.67346939
S16,Leaf,Insect,3,11,ABA,22.31372549
C10,Leaf,Control,4,1,ABA,10.07692308
C10,Leaf,Control,4,2,ABA,5.727272727
C10,Leaf,Control,4,3,ABA,5.346153846
C10,Leaf,Control,4,4,ABA,11.5
C10,Leaf,Control,4,5,ABA,9.458333333
C10,Leaf,Control,4,6,ABA,10.32653061
C10,Leaf,Insect,4,1,ABA,42.4
C10,Leaf,Insect,4,2,ABA,29.10204082
C10,Leaf,Insect,4,3,ABA,40.76923077
C10,Leaf,Insect,4,4,ABA,28.32
C10,Leaf,Insect,4,5,ABA,23.02040816
C10,Leaf,Insect,4,6,ABA,36.32653061
C10,Leaf,Insect,4,7,ABA,31.46938776
C10,Leaf,Insect,4,8,ABA,23.91836735
C112,Leaf,Control,4,1,ABA,11.76
C112,Leaf,Control,4,2,ABA,15.26530612
C112,Leaf,Control,4,3,ABA,7.87755102
C112,Leaf,Control,4,4,ABA,10.52
C112,Leaf,Control,4,5,ABA,9
C112,Leaf,Control,4,6,ABA,11.88
C112,Leaf,Insect,4,1,ABA,17.2
C112,Leaf,Insect,4,2,ABA,22.66666667
C112,Leaf,Insect,4,3,ABA,36.96
C112,Leaf,Insect,4,4,ABA,31.12
C112,Leaf,Insect,4,5,ABA,22.19230769
C112,Leaf,Insect,4,6,ABA,34.6
C112,Leaf,Insect,4,7,ABA,41.6
S16,Leaf,Control,4,1,ABA,14.69230769
S16,Leaf,Control,4,2,ABA,9.416666667
S16,Leaf,Control,4,3,ABA,11.79166667
S16,Leaf,Control,4,5,ABA,13.05882353
S16,Leaf,Control,4,4,ABA,10.98039216
S16,Leaf,Control,4,6,ABA,8.769230769
S16,Leaf,Insect,4,1,ABA,19
S16,Leaf,Insect,4,2,ABA,15.70833333
S16,Leaf,Insect,4,3,ABA,39.09803922
S16,Leaf,Insect,4,4,ABA,23.36
S16,Leaf,Insect,4,5,ABA,18.74509804
S16,Leaf,Insect,4,6,ABA,20.23529412
S16,Leaf,Insect,4,7,ABA,18.23076923
S16,Leaf,Insect,4,8,ABA,NA
S7,Leaf,Control,4,1,ABA,9.183673469
S7,Leaf,Control,4,2,ABA,11.80769231
S7,Leaf,Control,4,3,ABA,8.16
S7,Leaf,Control,4,4,ABA,7.224489796
S7,Leaf,Control,4,5,ABA,8.653846154
S7,Leaf,Control,4,6,ABA,8.980392157
S7,Leaf,Insect,4,1,ABA,10.84
S7,Leaf,Insect,4,2,ABA,14.48
S7,Leaf,Insect,4,3,ABA,22.8
S7,Leaf,Insect,4,4,ABA,18.88461538
S7,Leaf,Insect,4,5,ABA,11.2244898
S7,Leaf,Insect,4,6,ABA,18.08333333
S7,Leaf,Insect,4,7,ABA,23.19230769
S7,Leaf,Insect,4,8,ABA,15.1372549
C10,Leaf,Control,3,10,ABA,10
C10,Leaf,Control,3,2,ABA,35.84615385
C10,Leaf,Control,3,3,ABA,11.34693878
C10,Leaf,Control,3,4,ABA,11.61538462
C10,Leaf,Control,3,5,ABA,13.875
C10,Leaf,Control,3,6,ABA,17.875
C10,Leaf,Insect,3,1,ABA,344.5833333
C10,Leaf,Insect,3,2,ABA,76.47058824
C10,Leaf,Insect,3,3,ABA,105.3061224
C10,Leaf,Insect,3,4,ABA,120.8333333
C10,Leaf,Insect,3,5,ABA,16.30769231
C10,Leaf,Insect,3,6,ABA,121.1764706
C10,Leaf,Insect,3,7,ABA,86.93877551
C10,Leaf,Insect,3,8,ABA,45.83333333
C112,Leaf,Control,3,1,ABA,26.90196078
C112,Leaf,Control,3,2,ABA,40
C112,Leaf,Control,3,3,ABA,11.5
C112,Leaf,Control,3,5,ABA,8.745098039
C112,Leaf,Control,3,4,ABA,19.02040816
C112,Leaf,Control,3,6,ABA,45
C112,Leaf,Insect,3,1,ABA,155.2
C112,Leaf,Insect,3,2,ABA,38.24489796
C112,Leaf,Insect,3,3,ABA,51.37254902
C112,Leaf,Insect,3,4,ABA,111.6666667
C112,Leaf,Insect,3,5,ABA,32.52
C112,Leaf,Insect,3,6,ABA,17.55102041
C112,Leaf,Insect,3,7,ABA,60.39215686
S16,Leaf,Control,3,1,ABA,14.8
S16,Leaf,Control,3,2,ABA,11.92
S16,Leaf,Control,3,3,ABA,11.10204082
S16,Leaf,Control,3,4,ABA,15.16666667
S16,Leaf,Control,3,5,ABA,7.730769231
S16,Leaf,Control,3,6,ABA,21.29166667
S16,Leaf,Insect,3,1,ABA,32.65384615
S16,Leaf,Insect,3,2,ABA,137.9591837
S16,Leaf,Insect,3,5,ABA,22.31372549
S16,Leaf,Insect,3,4,ABA,66.66666667
S16,Leaf,Insect,3,3,ABA,33.92156863
S16,Leaf,Insect,3,6,ABA,178.3673469
S16,Leaf,Insect,3,7,ABA,347.3076923
S16,Leaf,Insect,3,8,ABA,34.93877551
S7,Leaf,Control,3,1,ABA,17.41176471
S7,Leaf,Control,3,2,ABA,17.76470588
S7,Leaf,Control,3,3,ABA,8.93877551
S7,Leaf,Control,3,4,ABA,14.16
S7,Leaf,Control,3,5,ABA,8.653846154
S7,Leaf,Control,3,6,ABA,28.16326531
S7,Leaf,Insect,3,1,ABA,145.2
S7,Leaf,Insect,3,3,ABA,103.6734694
S7,Leaf,Insect,3,2,ABA,101.1538462
S7,Leaf,Insect,3,4,ABA,187.2
S7,Leaf,Insect,3,6,ABA,91.15384615
S7,Leaf,Insect,3,5,ABA,204.1666667
S7,Leaf,Insect,3,9,ABA,346.4
S7,Leaf,Insect,3,8,ABA,58.33333333
C112,Leaf,Insect,2,8,ABA,78.46153846
C10,Root,Control,2,8,JA,7.020408163
C10,Root,Control,2,9,JA,5.538461538
C10,Root,Control,2,10,JA,2.834615385
C10,Root,Insect,2,9,JA,4.461538462
C10,Root,Insect,2,10,JA,5.48
C10,Root,Insect,2,11,JA,6.431372549
S16,Root,Control,3,8,JA,8.285714286
S16,Root,Control,3,9,JA,15.05660377
S16,Root,Control,3,10,JA,7.769230769
S16,Root,Insect,3,9,JA,12.89795918
S16,Root,Insect,3,10,JA,27.33333333
S16,Root,Insect,3,11,JA,40
S16,Root,Insect,3,1,JA,8.28
S16,Root,Insect,3,2,JA,4.08
S16,Root,Insect,3,3,JA,3.961538462
S16,Root,Insect,3,4,JA,3.754166667
S16,Root,Insect,3,5,JA,4.692307692
S16,Root,Insect,3,6,JA,6.208333333
C10,Root,Control,2,1,JA,2.952
C10,Root,Control,2,2,JA,1.548
C10,Root,Control,2,3,JA,2.548
C10,Root,Control,2,4,JA,1.865384615
C10,Root,Control,2,5,JA,8.25
C10,Root,Control,2,6,JA,6.04
C10,Root,Insect,2,1,JA,18.79166667
C10,Root,Insect,2,2,JA,8.96
C10,Root,Insect,2,3,JA,13.80392157
C10,Root,Insect,2,4,JA,10.79166667
C10,Root,Insect,2,5,JA,4.44
C10,Root,Insect,2,6,JA,4.384615385
C10,Root,Insect,2,7,JA,4.44
C10,Root,Insect,2,8,JA,5.48
C112,Root,Control,2,1,JA,5.458333333
C112,Root,Control,2,2,JA,11.56
C112,Root,Control,2,4,JA,8.509803922
C112,Root,Control,2,3,JA,6.769230769
C112,Root,Control,2,5,JA,16.28
C112,Root,Control,2,6,JA,13.37254902
C112,Root,Insect,2,1,JA,18.44897959
C112,Root,Insect,2,2,JA,4.823529412
C112,Root,Insect,2,3,JA,7.041666667
C112,Root,Insect,2,4,JA,7.37254902
C112,Root,Insect,2,5,JA,7.142857143
C112,Root,Insect,2,6,JA,6.36
C112,Root,Insect,2,7,JA,11.15384615
S16,Root,Control,2,1,JA,3.561538462
S16,Root,Control,2,2,JA,5.291666667
S16,Root,Control,2,3,JA,7.5
S16,Root,Control,2,4,JA,3.11372549
S16,Root,Control,2,5,JA,6.68
S16,Root,Control,2,6,JA,8
S16,Root,Insect,2,1,JA,10.6
S16,Root,Insect,2,2,JA,8.769230769
S16,Root,Insect,2,3,JA,4.375
S16,Root,Insect,2,4,JA,2.211538462
S16,Root,Insect,2,5,JA,8.040816327
S16,Root,Insect,2,6,JA,8.93877551
S16,Root,Insect,2,7,JA,5
S16,Root,Insect,2,8,JA,NA
S7,Root,Control,2,1,JA,19.87755102
S7,Root,Control,2,2,JA,4.612244898
S7,Root,Control,2,3,JA,4.039215686
S7,Root,Control,2,4,JA,2.223076923
S7,Root,Control,2,5,JA,8.423076923
S7,Root,Control,2,6,JA,4.423076923
S7,Root,Insect,2,1,JA,8.423076923
S7,Root,Insect,2,2,JA,5.56
S7,Root,Insect,2,3,JA,2.552
S7,Root,Insect,2,4,JA,12.31372549
S7,Root,Insect,2,5,JA,6.833333333
S7,Root,Insect,2,6,JA,6.416666667
S7,Root,Insect,2,7,JA,6.081632653
S7,Root,Insect,2,8,JA,3.611764706
C10,Root,Control,3,10,JA,6.4
C10,Root,Control,3,2,JA,5.346153846
C10,Root,Control,3,3,JA,7.673469388
C10,Root,Control,3,4,JA,6.730769231
C10,Root,Control,3,5,JA,3.341666667
C10,Root,Control,3,6,JA,3.870588235
C10,Root,Insect,3,1,JA,3.979591837
C10,Root,Insect,3,2,JA,2.262745098
C10,Root,Insect,3,3,JA,4.775510204
C10,Root,Insect,3,5,JA,4
C10,Root,Insect,3,4,JA,7.576923077
C10,Root,Insect,3,6,JA,11.69230769
C10,Root,Insect,3,7,JA,5.115384615
C10,Root,Insect,3,8,JA,8.25
C112,Root,Control,3,1,JA,3.48627451
C112,Root,Control,3,2,JA,3.311538462
C112,Root,Control,3,3,JA,4.75
C112,Root,Control,3,4,JA,7.333333333
C112,Root,Control,3,5,JA,6.56
C112,Root,Control,3,6,JA,8.833333333
C112,Root,Insect,3,1,JA,2.776923077
C112,Root,Insect,3,2,JA,3.580769231
C112,Root,Insect,3,3,JA,5.346938776
C112,Root,Insect,3,4,JA,6.367346939
C112,Root,Insect,3,5,JA,6.901960784
C112,Root,Insect,3,6,JA,10.125
C112,Root,Insect,3,7,JA,8.375
S16,Root,Control,3,1,JA,18.53846154
S16,Root,Control,3,2,JA,9.755102041
S16,Root,Control,3,3,JA,6
S16,Root,Control,3,5,JA,6.62745098
S16,Root,Control,3,4,JA,14.625
S16,Root,Control,3,6,JA,7.083333333
S16,Root,Insect,3,1,JA,0.992156863
S7,Root,Control,3,1,JA,7.591836735
S7,Root,Control,3,2,JA,3.048979592
S7,Root,Control,3,3,JA,3.690196078
S7,Root,Control,3,4,JA,5.294117647
S7,Root,Control,3,5,JA,3.614035088
S7,Root,Control,3,6,JA,4.692307692
S7,Root,Insect,3,1,JA,7.333333333
S7,Root,Insect,3,2,JA,10.25
S7,Root,Insect,3,3,JA,1.889795918
S7,Root,Insect,3,4,JA,1.85
S7,Root,Insect,3,5,JA,0.779591837
S7,Root,Insect,3,6,JA,3.084
S7,Root,Insect,3,7,JA,1.742307692
S7,Root,Insect,3,8,JA,1.792
C112,Root,Insect,2,8,JA,3.94
C10,Leaf,Control,2,8,JA,0.432
C10,Leaf,Control,2,9,JA,0.403846154
C10,Leaf,Control,2,10,JA,0.955102041
C10,Leaf,Insect,2,9,JA,11.34615385
C10,Leaf,Insect,2,10,JA,9.68
C10,Leaf,Insect,2,11,JA,8.603773585
S16,Leaf,Control,3,8,JA,0.2268
S16,Leaf,Control,3,9,JA,2.15
S16,Leaf,Control,3,10,JA,2.616
S16,Leaf,Insect,3,9,JA,8.923076923
S16,Leaf,Insect,3,10,JA,86.12244898
S16,Leaf,Insect,3,11,JA,8.31372549
C10,Leaf,Control,1,1,JA,1.073076923
C10,Leaf,Control,1,2,JA,0.288235294
C10,Leaf,Control,1,3,JA,0.21
C10,Leaf,Control,1,4,JA,0.304705882
C10,Leaf,Control,1,5,JA,0.78490566
C10,Leaf,Control,1,6,JA,0.439215686
C10,Leaf,Insect,1,1,JA,28.56
C10,Leaf,Insect,1,2,JA,2.684
C10,Leaf,Insect,1,3,JA,7.75
C10,Leaf,Insect,1,4,JA,8.901960784
C10,Leaf,Insect,1,5,JA,10.08333333
C10,Leaf,Insect,1,6,JA,9.423076923
C10,Leaf,Insect,1,7,JA,1.230769231
C10,Leaf,Insect,1,8,JA,3.579166667
C112,Leaf,Control,1,1,JA,0.227692308
C112,Leaf,Control,1,2,JA,0.815686275
C112,Leaf,Control,1,3,JA,0.6
C112,Leaf,Control,1,4,JA,0.725490196
C112,Leaf,Control,1,5,JA,0.38
C112,Leaf,Control,1,6,JA,0.237916667
C112,Leaf,Insect,1,1,JA,3.049056604
C112,Leaf,Insect,1,2,JA,14.34615385
C112,Leaf,Insect,1,3,JA,9.04
C112,Leaf,Insect,1,4,JA,3.352
C112,Leaf,Insect,1,5,JA,12.84
C112,Leaf,Insect,1,6,JA,17.29411765
C112,Leaf,Insect,1,7,JA,10.61538462
C112,Leaf,Insect,1,8,JA,5.36
S16,Leaf,Control,1,1,JA,1.407692308
S16,Leaf,Control,1,2,JA,1.123076923
S16,Leaf,Control,1,3,JA,0.576923077
S16,Leaf,Control,1,4,JA,1.411538462
S16,Leaf,Control,1,5,JA,0.741176471
S16,Leaf,Control,1,6,JA,0.566666667
S16,Leaf,Insect,1,1,JA,35.64
S16,Leaf,Insect,1,2,JA,35.65384615
S16,Leaf,Insect,1,3,JA,31.04166667
S16,Leaf,Insect,1,4,JA,8.156862745
S16,Leaf,Insect,1,5,JA,12
S16,Leaf,Insect,1,6,JA,3.6
S7,Leaf,Control,1,1,JA,1.983333333
S7,Leaf,Control,1,2,JA,0.503846154
S7,Leaf,Control,1,3,JA,0.310196078
S7,Leaf,Control,1,4,JA,0.632653061
S7,Leaf,Control,1,5,JA,0.768627451
S7,Leaf,Control,1,6,JA,0.716
S7,Leaf,Insect,1,1,JA,26.53846154
S7,Leaf,Insect,1,2,JA,29.17647059
S7,Leaf,Insect,1,3,JA,11.58333333
S7,Leaf,Insect,1,4,JA,2.916666667
S7,Leaf,Insect,1,5,JA,27.6
S7,Leaf,Insect,1,6,JA,14.44
S7,Leaf,Insect,1,7,JA,31.02040816
C10,Leaf,Control,2,1,JA,0.876923077
C10,Leaf,Control,2,2,JA,0.438787879
C10,Leaf,Control,2,3,JA,0.596153846
C10,Leaf,Control,2,4,JA,0.9
C10,Leaf,Control,2,5,JA,0.402916667
C10,Leaf,Control,2,6,JA,0.771428571
C10,Leaf,Insect,2,1,JA,16.84
C10,Leaf,Insect,2,2,JA,19.51020408
C10,Leaf,Insect,2,3,JA,7.730769231
C10,Leaf,Insect,2,4,JA,11.44
C10,Leaf,Insect,2,5,JA,3.734693878
C10,Leaf,Insect,2,6,JA,9.836734694
C10,Leaf,Insect,2,7,JA,8.816326531
C10,Leaf,Insect,2,8,JA,4.653061224
C112,Leaf,Control,2,1,JA,0.476
C112,Leaf,Control,2,2,JA,0.428571429
C112,Leaf,Control,2,3,JA,0.583673469
C112,Leaf,Control,2,4,JA,0.532
C112,Leaf,Control,2,5,JA,0.832
C112,Leaf,Control,2,6,JA,1.604
C112,Leaf,Insect,2,1,JA,10.92
C112,Leaf,Insect,2,2,JA,5.5
C112,Leaf,Insect,2,3,JA,2.104
C112,Leaf,Insect,2,4,JA,7.44
C112,Leaf,Insect,2,5,JA,3.138461538
C112,Leaf,Insect,2,6,JA,8.68
C112,Leaf,Insect,2,7,JA,6.88
S16,Leaf,Control,2,1,JA,0.247692308
S16,Leaf,Control,2,2,JA,0.691666667
S16,Leaf,Control,2,3,JA,0.429166667
S16,Leaf,Control,2,5,JA,1.474509804
S16,Leaf,Control,2,4,JA,0.878431373
S16,Leaf,Control,2,6,JA,0.515384615
S16,Leaf,Insect,2,1,JA,14.12
S16,Leaf,Insect,2,2,JA,2.520833333
S16,Leaf,Insect,2,3,JA,6.980392157
S16,Leaf,Insect,2,4,JA,6.96
S16,Leaf,Insect,2,5,JA,2.619607843
S16,Leaf,Insect,2,6,JA,2.815686275
S16,Leaf,Insect,2,7,JA,1.688461538
S16,Leaf,Insect,2,8,JA,NA
S7,Leaf,Control,2,1,JA,1.910204082
S7,Leaf,Control,2,2,JA,0.519230769
S7,Leaf,Control,2,3,JA,0.2444
S7,Leaf,Control,2,4,JA,0.397142857
S7,Leaf,Control,2,5,JA,0.653846154
S7,Leaf,Control,2,6,JA,0.984313725
S7,Leaf,Insect,2,1,JA,6
S7,Leaf,Insect,2,2,JA,6.8
S7,Leaf,Insect,2,3,JA,15.88
S7,Leaf,Insect,2,4,JA,7.692307692
S7,Leaf,Insect,2,5,JA,3.428571429
S7,Leaf,Insect,2,6,JA,8.5
S7,Leaf,Insect,2,7,JA,2.761538462
S7,Leaf,Insect,2,8,JA,5.607843137
C10,Leaf,Control,3,10,JA,0.615384615
C10,Leaf,Control,3,2,JA,0.3
C10,Leaf,Control,3,3,JA,0.546938776
C10,Leaf,Control,3,4,JA,1.065384615
C10,Leaf,Control,3,5,JA,0.425
C10,Leaf,Control,3,6,JA,0.429166667
C10,Leaf,Insect,3,1,JA,10.375
C10,Leaf,Insect,3,2,JA,12.23529412
C10,Leaf,Insect,3,3,JA,11.06122449
C10,Leaf,Insect,3,4,JA,11.54166667
C10,Leaf,Insect,3,5,JA,3.461538462
C10,Leaf,Insect,3,6,JA,19.29411765
C10,Leaf,Insect,3,7,JA,10.69387755
C10,Leaf,Insect,3,8,JA,8.791666667
C112,Leaf,Control,3,1,JA,0.937254902
C112,Leaf,Control,3,2,JA,0.534693878
C112,Leaf,Control,3,3,JA,0.583333333
C112,Leaf,Control,3,5,JA,0.517647059
C112,Leaf,Control,3,4,JA,0.591836735
C112,Leaf,Control,3,6,JA,0.679166667
C112,Leaf,Insect,3,1,JA,9.16
C112,Leaf,Insect,3,2,JA,2.346938776
C112,Leaf,Insect,3,3,JA,9.254901961
C112,Leaf,Insect,3,4,JA,8.958333333
C112,Leaf,Insect,3,5,JA,0.74
C112,Leaf,Insect,3,6,JA,6.653061224
C112,Leaf,Insect,3,7,JA,11.05882353
S16,Leaf,Control,3,1,JA,3.124
S16,Leaf,Control,3,2,JA,0.692
S16,Leaf,Control,3,3,JA,0.420408163
S16,Leaf,Control,3,4,JA,0.429166667
S16,Leaf,Control,3,5,JA,0.526923077
S16,Leaf,Control,3,6,JA,1
S16,Leaf,Insect,3,1,JA,1.773076923
S16,Leaf,Insect,3,2,JA,6.326530612
S16,Leaf,Insect,3,5,JA,4.431372549
S16,Leaf,Insect,3,4,JA,6.791666667
S16,Leaf,Insect,3,3,JA,3.325490196
S16,Leaf,Insect,3,6,JA,6.653061224
S16,Leaf,Insect,3,7,JA,9.423076923
S16,Leaf,Insect,3,8,JA,8.285714286
S7,Leaf,Control,3,1,JA,0.184313725
S7,Leaf,Control,3,2,JA,0.244705882
S7,Leaf,Control,3,3,JA,0.271020408
S7,Leaf,Control,3,4,JA,0.5
S7,Leaf,Control,3,5,JA,0.336153846
S7,Leaf,Control,3,6,JA,0.331428571
S7,Leaf,Insect,3,1,JA,15.04
S7,Leaf,Insect,3,3,JA,9.755102041
S7,Leaf,Insect,3,2,JA,6.192307692
S7,Leaf,Insect,3,4,JA,3.372
S7,Leaf,Insect,3,6,JA,11.96153846
S7,Leaf,Insect,3,5,JA,11.25
S7,Leaf,Insect,3,9,JA,19.16
S7,Leaf,Insect,3,8,JA,7.416666667
C112,Leaf,Insect,2,8,JA,28.15384615
C10,Root,Control,2,8,JAIle,1.767346939
C10,Root,Control,2,9,JAIle,1.530769231
C10,Root,Control,2,10,JAIle,0.519230769
C10,Root,Insect,2,9,JAIle,1.246153846
C10,Root,Insect,2,10,JAIle,0.956
C10,Root,Insect,2,11,JAIle,1.576470588
S16,Root,Control,3,8,JAIle,1.379591837
S16,Root,Control,3,9,JAIle,0.60754717
S16,Root,Control,3,10,JAIle,0.346153846
S16,Root,Insect,3,9,JAIle,2.065306122
S16,Root,Insect,3,10,JAIle,2.290196078
S16,Root,Insect,3,11,JAIle,2.588
S16,Root,Insect,3,1,JAIle,1.408
S16,Root,Insect,3,2,JAIle,0.684
S16,Root,Insect,3,3,JAIle,0.75
S16,Root,Insect,3,4,JAIle,0.7375
S16,Root,Insect,3,5,JAIle,0.830769231
S16,Root,Insect,3,6,JAIle,1.066666667
C10,Root,Control,2,1,JAIle,0.628
C10,Root,Control,2,2,JAIle,0.444
C10,Root,Control,2,3,JAIle,0.5
C10,Root,Control,2,4,JAIle,0.377692308
C10,Root,Control,2,5,JAIle,2.258333333
C10,Root,Control,2,6,JAIle,1.732
C10,Root,Insect,2,1,JAIle,8
C10,Root,Insect,2,2,JAIle,2.472
C10,Root,Insect,2,3,JAIle,2.956862745
C10,Root,Insect,2,4,JAIle,2.7375
C10,Root,Insect,2,5,JAIle,1.224
C10,Root,Insect,2,6,JAIle,1.034615385
C10,Root,Insect,2,7,JAIle,1.22
C10,Root,Insect,2,8,JAIle,1.496
C112,Root,Control,2,1,JAIle,1.05
C112,Root,Control,2,2,JAIle,1.916
C112,Root,Control,2,4,JAIle,1.352941176
C112,Root,Control,2,3,JAIle,1.180769231
C112,Root,Control,2,5,JAIle,3.468
C112,Root,Control,2,6,JAIle,2.474509804
C112,Root,Insect,2,1,JAIle,5.632653061
C112,Root,Insect,2,2,JAIle,1.082352941
C112,Root,Insect,2,3,JAIle,1.104166667
C112,Root,Insect,2,4,JAIle,1.333333333
C112,Root,Insect,2,5,JAIle,1.155102041
C112,Root,Insect,2,6,JAIle,1.54
C112,Root,Insect,2,7,JAIle,2.326923077
S16,Root,Control,2,1,JAIle,0.573076923
S16,Root,Control,2,2,JAIle,0.9375
S16,Root,Control,2,3,JAIle,1.279166667
S16,Root,Control,2,4,JAIle,0.650980392
S16,Root,Control,2,5,JAIle,1.368
S16,Root,Control,2,6,JAIle,1.146153846
S16,Root,Insect,2,1,JAIle,4.44
S16,Root,Insect,2,2,JAIle,2.180769231
S16,Root,Insect,2,3,JAIle,0.75
S16,Root,Insect,2,4,JAIle,0.557692308
S16,Root,Insect,2,5,JAIle,1.587755102
S16,Root,Insect,2,6,JAIle,1.808163265
S16,Root,Insect,2,7,JAIle,0.842307692
S16,Root,Insect,2,8,JAIle,NA
S7,Root,Control,2,1,JAIle,6.734693878
S7,Root,Control,2,2,JAIle,0.881632653
S7,Root,Control,2,3,JAIle,0.968627451
S7,Root,Control,2,4,JAIle,0.642307692
S7,Root,Control,2,5,JAIle,2.323076923
S7,Root,Control,2,6,JAIle,2.361538462
S7,Root,Insect,2,1,JAIle,2.630769231
S7,Root,Insect,2,2,JAIle,1.748
S7,Root,Insect,2,3,JAIle,0.672
S7,Root,Insect,2,4,JAIle,3.298039216
S7,Root,Insect,2,5,JAIle,1.629166667
S7,Root,Insect,2,6,JAIle,1.804166667
S7,Root,Insect,2,7,JAIle,1.93877551
S7,Root,Insect,2,8,JAIle,0.862745098
C10,Root,Control,3,10,JAIle,1.296
C10,Root,Control,3,2,JAIle,1.007692308
C10,Root,Control,3,3,JAIle,1.828571429
C10,Root,Control,3,4,JAIle,1.196153846
C10,Root,Control,3,5,JAIle,0.833333333
C10,Root,Control,3,6,JAIle,0.733333333
C10,Root,Insect,3,1,JAIle,0.836734694
C10,Root,Insect,3,2,JAIle,0.443137255
C10,Root,Insect,3,3,JAIle,1.469387755
C10,Root,Insect,3,5,JAIle,1.980769231
C10,Root,Insect,3,4,JAIle,2.080769231
C10,Root,Insect,3,6,JAIle,3.884615385
C10,Root,Insect,3,7,JAIle,1.15
C10,Root,Insect,3,8,JAIle,2.8125
C112,Root,Control,3,1,JAIle,0.784313725
C112,Root,Control,3,2,JAIle,0.465384615
C112,Root,Control,3,3,JAIle,0.779166667
C112,Root,Control,3,4,JAIle,1.5375
C112,Root,Control,3,5,JAIle,1.148
C112,Root,Control,3,6,JAIle,1.808333333
C112,Root,Insect,3,1,JAIle,0.507692308
C112,Root,Insect,3,2,JAIle,0.573076923
C112,Root,Insect,3,3,JAIle,0.983673469
C112,Root,Insect,3,4,JAIle,1.363265306
C112,Root,Insect,3,5,JAIle,1.423529412
C112,Root,Insect,3,6,JAIle,2.708333333
C112,Root,Insect,3,7,JAIle,1.429166667
S16,Root,Control,3,1,JAIle,4.538461538
S16,Root,Control,3,2,JAIle,1.930612245
S16,Root,Control,3,3,JAIle,0.884615385
S16,Root,Control,3,5,JAIle,1.262745098
S16,Root,Control,3,4,JAIle,2.2625
S16,Root,Control,3,6,JAIle,1.091666667
S16,Root,Insect,3,1,JAIle,0.517647059
S7,Root,Control,3,1,JAIle,1.4
S7,Root,Control,3,2,JAIle,0.432653061
S7,Root,Control,3,3,JAIle,0.631372549
S7,Root,Control,3,4,JAIle,0.870588235
S7,Root,Control,3,5,JAIle,0.596491228
S7,Root,Control,3,6,JAIle,0.884615385
S7,Root,Insect,3,1,JAIle,2.109803922
S7,Root,Insect,3,2,JAIle,2.075
S7,Root,Insect,3,3,JAIle,0.224897959
S7,Root,Insect,3,4,JAIle,0.295833333
S7,Root,Insect,3,5,JAIle,0.134693878
S7,Root,Insect,3,6,JAIle,0.444
S7,Root,Insect,3,7,JAIle,0.28
S7,Root,Insect,3,8,JAIle,0.324
C112,Root,Insect,2,8,JAIle,0.844
C10,Leaf,Control,2,8,JAIle,0.44
C10,Leaf,Control,2,9,JAIle,0.216538462
C10,Leaf,Control,2,10,JAIle,0.53877551
C10,Leaf,Insect,2,9,JAIle,28.61538462
C10,Leaf,Insect,2,10,JAIle,16.64
C10,Leaf,Insect,2,11,JAIle,12.86792453
S16,Leaf,Control,3,8,JAIle,0.122
S16,Leaf,Control,3,9,JAIle,0.546153846
S16,Leaf,Control,3,10,JAIle,0.2368
S16,Leaf,Insect,3,9,JAIle,17
S16,Leaf,Insect,3,10,JAIle,22.32653061
S16,Leaf,Insect,3,11,JAIle,3.37254902
C10,Leaf,Control,1,1,JAIle,0.446153846
C10,Leaf,Control,1,2,JAIle,0.092941176
C10,Leaf,Control,1,3,JAIle,0.092692308
C10,Leaf,Control,1,4,JAIle,0.118823529
C10,Leaf,Control,1,5,JAIle,0.292075472
C10,Leaf,Control,1,6,JAIle,0.163529412
C10,Leaf,Insect,1,1,JAIle,36.68
C10,Leaf,Insect,1,2,JAIle,2.152
C10,Leaf,Insect,1,3,JAIle,16.83333333
C10,Leaf,Insect,1,4,JAIle,17.1372549
C10,Leaf,Insect,1,5,JAIle,26.16666667
C10,Leaf,Insect,1,6,JAIle,11.5
C10,Leaf,Insect,1,7,JAIle,0.888461538
C10,Leaf,Insect,1,8,JAIle,16.25
C112,Leaf,Control,1,1,JAIle,0.061923077
C112,Leaf,Control,1,2,JAIle,0.215686275
C112,Leaf,Control,1,3,JAIle,0.1284
C112,Leaf,Control,1,4,JAIle,0.265490196
C112,Leaf,Control,1,5,JAIle,0.097647059
C112,Leaf,Control,1,6,JAIle,0.050833333
C112,Leaf,Insect,1,1,JAIle,1.581132075
C112,Leaf,Insect,1,2,JAIle,17.73076923
C112,Leaf,Insect,1,3,JAIle,16.16
C112,Leaf,Insect,1,4,JAIle,2.792
C112,Leaf,Insect,1,5,JAIle,34.44
C112,Leaf,Insect,1,6,JAIle,22.11764706
C112,Leaf,Insect,1,7,JAIle,28.88461538
C112,Leaf,Insect,1,8,JAIle,16.52
S16,Leaf,Control,1,1,JAIle,1.176923077
S16,Leaf,Control,1,2,JAIle,0.730769231
S16,Leaf,Control,1,3,JAIle,0.198076923
S16,Leaf,Control,1,4,JAIle,0.419230769
S16,Leaf,Control,1,5,JAIle,0.411764706
S16,Leaf,Control,1,6,JAIle,0.165416667
S16,Leaf,Insect,1,1,JAIle,33.96
S16,Leaf,Insect,1,2,JAIle,26.69230769
S16,Leaf,Insect,1,3,JAIle,30.875
S16,Leaf,Insect,1,4,JAIle,16.98039216
S16,Leaf,Insect,1,5,JAIle,17.95833333
S16,Leaf,Insect,1,6,JAIle,3.932
S7,Leaf,Control,1,1,JAIle,0.533333333
S7,Leaf,Control,1,2,JAIle,0.170384615
S7,Leaf,Control,1,3,JAIle,0.109019608
S7,Leaf,Control,1,4,JAIle,0.237142857
S7,Leaf,Control,1,5,JAIle,0.175686275
S7,Leaf,Control,1,6,JAIle,0.2004
S7,Leaf,Insect,1,1,JAIle,48.84615385
S7,Leaf,Insect,1,2,JAIle,61.56862745
S7,Leaf,Insect,1,3,JAIle,13.45833333
S7,Leaf,Insect,1,4,JAIle,1.9875
S7,Leaf,Insect,1,5,JAIle,95.6
S7,Leaf,Insect,1,6,JAIle,20.56
S7,Leaf,Insect,1,7,JAIle,96.73469388
C10,Leaf,Control,2,1,JAIle,0.446153846
C10,Leaf,Control,2,2,JAIle,0.231515152
C10,Leaf,Control,2,3,JAIle,0.315
C10,Leaf,Control,2,4,JAIle,0.520833333
C10,Leaf,Control,2,5,JAIle,0.296666667
C10,Leaf,Control,2,6,JAIle,0.779591837
C10,Leaf,Insect,2,1,JAIle,14.72
C10,Leaf,Insect,2,2,JAIle,20.28571429
C10,Leaf,Insect,2,3,JAIle,19.19230769
C10,Leaf,Insect,2,4,JAIle,15.8
C10,Leaf,Insect,2,5,JAIle,8.734693878
C10,Leaf,Insect,2,6,JAIle,19.83673469
C10,Leaf,Insect,2,7,JAIle,23.02040816
C10,Leaf,Insect,2,8,JAIle,13.06122449
C112,Leaf,Control,2,1,JAIle,0.2596
C112,Leaf,Control,2,2,JAIle,0.168163265
C112,Leaf,Control,2,3,JAIle,0.244897959
C112,Leaf,Control,2,4,JAIle,0.2144
C112,Leaf,Control,2,5,JAIle,0.3188
C112,Leaf,Control,2,6,JAIle,0.464
C112,Leaf,Insect,2,1,JAIle,8.24
C112,Leaf,Insect,2,2,JAIle,4.416666667
C112,Leaf,Insect,2,3,JAIle,3.404
C112,Leaf,Insect,2,4,JAIle,15.92
C112,Leaf,Insect,2,5,JAIle,4.269230769
C112,Leaf,Insect,2,6,JAIle,12.88
C112,Leaf,Insect,2,7,JAIle,17.48
S16,Leaf,Control,2,1,JAIle,0.111153846
S16,Leaf,Control,2,2,JAIle,0.34625
S16,Leaf,Control,2,3,JAIle,0.14125
S16,Leaf,Control,2,5,JAIle,0.803921569
S16,Leaf,Control,2,4,JAIle,0.362352941
S16,Leaf,Control,2,6,JAIle,0.202692308
S16,Leaf,Insect,2,1,JAIle,10.4
S16,Leaf,Insect,2,2,JAIle,2.15
S16,Leaf,Insect,2,3,JAIle,11.05882353
S16,Leaf,Insect,2,4,JAIle,10.52
S16,Leaf,Insect,2,5,JAIle,3.564705882
S16,Leaf,Insect,2,6,JAIle,1.584313725
S16,Leaf,Insect,2,7,JAIle,1.161538462
S16,Leaf,Insect,2,8,JAIle,NA
S7,Leaf,Control,2,1,JAIle,0.779591837
S7,Leaf,Control,2,2,JAIle,0.207692308
S7,Leaf,Control,2,3,JAIle,0.0808
S7,Leaf,Control,2,4,JAIle,0.132244898
S7,Leaf,Control,2,5,JAIle,0.143846154
S7,Leaf,Control,2,6,JAIle,0.382352941
S7,Leaf,Insect,2,1,JAIle,6.24
S7,Leaf,Insect,2,2,JAIle,10.4
S7,Leaf,Insect,2,3,JAIle,18.92
S7,Leaf,Insect,2,4,JAIle,11.92307692
S7,Leaf,Insect,2,5,JAIle,3.453061224
S7,Leaf,Insect,2,6,JAIle,9.541666667
S7,Leaf,Insect,2,7,JAIle,4.961538462
S7,Leaf,Insect,2,8,JAIle,6.274509804
C10,Leaf,Control,3,10,JAIle,0.241923077
C10,Leaf,Control,3,2,JAIle,0.131923077
C10,Leaf,Control,3,3,JAIle,0.150612245
C10,Leaf,Control,3,4,JAIle,0.350384615
C10,Leaf,Control,3,5,JAIle,0.104583333
C10,Leaf,Control,3,6,JAIle,0.169166667
C10,Leaf,Insect,3,1,JAIle,34
C10,Leaf,Insect,3,2,JAIle,24.47058824
C10,Leaf,Insect,3,3,JAIle,24.48979592
C10,Leaf,Insect,3,4,JAIle,30.20833333
C10,Leaf,Insect,3,5,JAIle,6.5
C10,Leaf,Insect,3,6,JAIle,40.78431373
C10,Leaf,Insect,3,7,JAIle,18.85714286
C10,Leaf,Insect,3,8,JAIle,12.25
C112,Leaf,Control,3,1,JAIle,0.386666667
C112,Leaf,Control,3,2,JAIle,0.165714286
C112,Leaf,Control,3,3,JAIle,0.181666667
C112,Leaf,Control,3,5,JAIle,0.121176471
C112,Leaf,Control,3,4,JAIle,0.130204082
C112,Leaf,Control,3,6,JAIle,0.269583333
C112,Leaf,Insect,3,1,JAIle,24.4
C112,Leaf,Insect,3,2,JAIle,6.081632653
C112,Leaf,Insect,3,3,JAIle,18.15686275
C112,Leaf,Insect,3,4,JAIle,17.41666667
C112,Leaf,Insect,3,5,JAIle,1.104
C112,Leaf,Insect,3,6,JAIle,12.57142857
C112,Leaf,Insect,3,7,JAIle,16.74509804
S16,Leaf,Control,3,1,JAIle,27.96
S16,Leaf,Control,3,2,JAIle,0.412
S16,Leaf,Control,3,3,JAIle,0.373061224
S16,Leaf,Control,3,4,JAIle,0.315416667
S16,Leaf,Control,3,5,JAIle,0.198846154
S16,Leaf,Control,3,6,JAIle,0.779166667
S16,Leaf,Insect,3,1,JAIle,3.553846154
S16,Leaf,Insect,3,2,JAIle,12.81632653
S16,Leaf,Insect,3,5,JAIle,8.666666667
S16,Leaf,Insect,3,4,JAIle,18.70833333
S16,Leaf,Insect,3,3,JAIle,5.058823529
S16,Leaf,Insect,3,6,JAIle,10.69387755
S16,Leaf,Insect,3,7,JAIle,21.42307692
S16,Leaf,Insect,3,8,JAIle,14.36734694
S7,Leaf,Control,3,1,JAIle,0.090196078
S7,Leaf,Control,3,2,JAIle,0.074509804
S7,Leaf,Control,3,3,JAIle,0.110204082
S7,Leaf,Control,3,4,JAIle,0.214
S7,Leaf,Control,3,5,JAIle,0.105
S7,Leaf,Control,3,6,JAIle,0.153061224
S7,Leaf,Insect,3,1,JAIle,23.52
S7,Leaf,Insect,3,3,JAIle,16.53061224
S7,Leaf,Insect,3,2,JAIle,10.15384615
S7,Leaf,Insect,3,4,JAIle,12.08
S7,Leaf,Insect,3,6,JAIle,19.19230769
S7,Leaf,Insect,3,5,JAIle,17.58333333
S7,Leaf,Insect,3,9,JAIle,45.2
S7,Leaf,Insect,3,8,JAIle,15.04166667
C112,Leaf,Insect,2,8,JAIle,45.76923077
C10,Root,Control,2,8,OPDA,34.53061224
C10,Root,Control,2,9,OPDA,31.38461538
C10,Root,Control,2,10,OPDA,37.5
C10,Root,Insect,2,9,OPDA,24.61538462
C10,Root,Insect,2,10,OPDA,35.92
C10,Root,Insect,2,11,OPDA,36.2745098
S16,Root,Control,3,8,OPDA,55.91836735
S16,Root,Control,3,9,OPDA,12.79245283
S16,Root,Control,3,10,OPDA,15.11538462
S16,Root,Insect,3,9,OPDA,36.97959184
S16,Root,Insect,3,10,OPDA,49.41176471
S16,Root,Insect,3,11,OPDA,44.4
C10,Root,Control,1,1,OPDA,31.07692308
C10,Root,Control,1,2,OPDA,20.40816327
C10,Root,Control,1,3,OPDA,19.92307692
C10,Root,Control,1,4,OPDA,29.56
C10,Root,Control,1,5,OPDA,32.93877551
C10,Root,Control,1,6,OPDA,37.80769231
C10,Root,Insect,1,1,OPDA,29.24
C10,Root,Insect,1,2,OPDA,29.17647059
C10,Root,Insect,1,3,OPDA,18.92
C10,Root,Insect,1,4,OPDA,25.875
C10,Root,Insect,1,5,OPDA,28.44
C10,Root,Insect,1,6,OPDA,45.38461538
C10,Root,Insect,1,7,OPDA,21.16
C10,Root,Insect,1,8,OPDA,20.40816327
C112,Root,Control,1,1,OPDA,40.76923077
C112,Root,Control,1,2,OPDA,66.53061224
C112,Root,Control,1,3,OPDA,52
C112,Root,Control,1,4,OPDA,72.69230769
C112,Root,Control,1,5,OPDA,47.5
C112,Root,Control,1,6,OPDA,60.39215686
C112,Root,Insect,1,1,OPDA,48.16326531
C112,Root,Insect,1,2,OPDA,45.6
C112,Root,Insect,1,3,OPDA,44.61538462
C112,Root,Insect,1,4,OPDA,19.2244898
C112,Root,Insect,1,5,OPDA,28.54901961
C112,Root,Insect,1,6,OPDA,44.8
C112,Root,Insect,1,7,OPDA,47.05882353
C112,Root,Insect,1,8,OPDA,52.54901961
S16,Root,Control,1,1,OPDA,57.08333333
S16,Root,Control,1,2,OPDA,55
S16,Root,Control,1,3,OPDA,61.2
S16,Root,Control,1,5,OPDA,54
S16,Root,Control,1,4,OPDA,36.04
S16,Root,Control,1,6,OPDA,40
S16,Root,Insect,3,1,OPDA,46.4
S16,Root,Insect,3,2,OPDA,31.6
S16,Root,Insect,3,3,OPDA,29.26923077
S16,Root,Insect,3,4,OPDA,24.16666667
S16,Root,Insect,3,5,OPDA,34.69230769
S16,Root,Insect,3,6,OPDA,42.08333333
S7,Root,Control,1,1,OPDA,52.8
S7,Root,Control,1,2,OPDA,38.46153846
S7,Root,Control,1,3,OPDA,39.95833333
S7,Root,Control,1,4,OPDA,74.50980392
S7,Root,Control,1,5,OPDA,78.4
S7,Root,Control,1,6,OPDA,83.84615385
S7,Root,Insect,1,1,OPDA,33.04
S7,Root,Insect,1,2,OPDA,70
S7,Root,Insect,1,3,OPDA,12.76923077
S7,Root,Insect,1,4,OPDA,24.08163265
S7,Root,Insect,1,5,OPDA,17.125
S7,Root,Insect,1,6,OPDA,32.70588235
S7,Root,Insect,1,7,OPDA,16.92307692
C10,Root,Control,2,1,OPDA,16.6
C10,Root,Control,2,2,OPDA,12.56
C10,Root,Control,2,3,OPDA,27.68
C10,Root,Control,2,4,OPDA,16.88461538
C10,Root,Control,2,5,OPDA,29.70833333
C10,Root,Control,2,6,OPDA,32.68
C10,Root,Insect,2,1,OPDA,33.29166667
C10,Root,Insect,2,2,OPDA,33
C10,Root,Insect,2,3,OPDA,51.76470588
C10,Root,Insect,2,4,OPDA,37.29166667
C10,Root,Insect,2,5,OPDA,21.04
C10,Root,Insect,2,6,OPDA,22.46153846
C10,Root,Insect,2,7,OPDA,20.64
C10,Root,Insect,2,8,OPDA,27.88
C112,Root,Control,2,1,OPDA,40.41666667
C112,Root,Control,2,2,OPDA,99.6
C112,Root,Control,2,4,OPDA,74.11764706
C112,Root,Control,2,3,OPDA,68.07692308
C112,Root,Control,2,5,OPDA,71.6
C112,Root,Control,2,6,OPDA,76.47058824
C112,Root,Insect,2,1,OPDA,72.65306122
C112,Root,Insect,2,2,OPDA,40
C112,Root,Insect,2,3,OPDA,45.41666667
C112,Root,Insect,2,4,OPDA,39.60784314
C112,Root,Insect,2,5,OPDA,47.34693878
C112,Root,Insect,2,6,OPDA,41.2
C112,Root,Insect,2,7,OPDA,69.23076923
S16,Root,Control,2,1,OPDA,28.69230769
S16,Root,Control,2,2,OPDA,33.83333333
S16,Root,Control,2,3,OPDA,37.16666667
S16,Root,Control,2,4,OPDA,22.58823529
S16,Root,Control,2,5,OPDA,32.04
S16,Root,Control,2,6,OPDA,45.38461538
S16,Root,Insect,2,1,OPDA,20.64
S16,Root,Insect,2,2,OPDA,31.73076923
S16,Root,Insect,2,3,OPDA,25.08333333
S16,Root,Insect,2,4,OPDA,18.15384615
S16,Root,Insect,2,5,OPDA,40.08163265
S16,Root,Insect,2,6,OPDA,55.51020408
S16,Root,Insect,2,7,OPDA,40
S16,Root,Insect,2,8,OPDA,NA
S7,Root,Control,2,1,OPDA,66.12244898
S7,Root,Control,2,2,OPDA,46.93877551
S7,Root,Control,2,3,OPDA,31.52941176
S7,Root,Control,2,4,OPDA,17.65384615
S7,Root,Control,2,5,OPDA,39.61538462
S7,Root,Control,2,6,OPDA,36.80769231
S7,Root,Insect,2,1,OPDA,26.69230769
S7,Root,Insect,2,2,OPDA,41.6
S7,Root,Insect,2,3,OPDA,21.32
S7,Root,Insect,2,4,OPDA,38
S7,Root,Insect,2,5,OPDA,26
S7,Root,Insect,2,6,OPDA,25.66666667
S7,Root,Insect,2,7,OPDA,34.36734694
S7,Root,Insect,2,8,OPDA,25.29411765
C10,Root,Control,3,10,OPDA,27.16
C10,Root,Control,3,2,OPDA,33.57692308
C10,Root,Control,3,3,OPDA,27.14285714
C10,Root,Control,3,4,OPDA,30.26923077
C10,Root,Control,3,5,OPDA,23.66666667
C10,Root,Control,3,6,OPDA,17.88235294
C10,Root,Insect,3,1,OPDA,29.75510204
C10,Root,Insect,3,2,OPDA,19.52941176
C10,Root,Insect,3,3,OPDA,30.08163265
C10,Root,Insect,3,5,OPDA,9.884615385
C10,Root,Insect,3,4,OPDA,26.42307692
C10,Root,Insect,3,6,OPDA,26.26923077
C10,Root,Insect,3,7,OPDA,23.46153846
C10,Root,Insect,3,8,OPDA,20.41666667
C112,Root,Control,3,1,OPDA,27.29411765
C112,Root,Control,3,2,OPDA,38.84615385
C112,Root,Control,3,3,OPDA,36.5
C112,Root,Control,3,4,OPDA,37.625
C112,Root,Control,3,5,OPDA,54
C112,Root,Control,3,6,OPDA,40.41666667
C112,Root,Insect,3,1,OPDA,29.26923077
C112,Root,Insect,3,2,OPDA,34.34615385
C112,Root,Insect,3,3,OPDA,40.53061224
C112,Root,Insect,3,4,OPDA,37.67346939
C112,Root,Insect,3,5,OPDA,34.43137255
C112,Root,Insect,3,6,OPDA,45.41666667
C112,Root,Insect,3,7,OPDA,49.58333333
S16,Root,Control,3,1,OPDA,46.53846154
S16,Root,Control,3,2,OPDA,56.32653061
S16,Root,Control,3,3,OPDA,48.84615385
S16,Root,Control,3,5,OPDA,36.66666667
S16,Root,Control,3,4,OPDA,71.66666667
S16,Root,Control,3,6,OPDA,45.83333333
S16,Root,Insect,3,1,OPDA,7.960784314
S16,Root,Insect,1,2,OPDA,12.58823529
S16,Root,Insect,1,3,OPDA,17.91836735
S16,Root,Insect,1,4,OPDA,5.115384615
S16,Root,Insect,1,5,OPDA,19.87755102
S16,Root,Insect,1,6,OPDA,5.833333333
S16,Root,Insect,1,7,OPDA,34.42307692
S16,Root,Insect,1,8,OPDA,37.26530612
S7,Root,Control,3,1,OPDA,31.10204082
S7,Root,Control,3,2,OPDA,24.65306122
S7,Root,Control,3,3,OPDA,28.39215686
S7,Root,Control,3,4,OPDA,31.17647059
S7,Root,Control,3,5,OPDA,22.14035088
S7,Root,Control,3,6,OPDA,22.26923077
S7,Root,Insect,3,1,OPDA,26.35294118
S7,Root,Insect,3,2,OPDA,69.16666667
S7,Root,Insect,3,3,OPDA,23.87755102
S7,Root,Insect,3,4,OPDA,21.125
S7,Root,Insect,3,5,OPDA,15.91836735
S7,Root,Insect,3,6,OPDA,26.88
S7,Root,Insect,3,7,OPDA,21.07692308
S7,Root,Insect,3,8,OPDA,20.72
C112,Root,Insect,2,8,OPDA,42.4
C10,Leaf,Control,2,8,OPDA,38
C10,Leaf,Control,2,9,OPDA,118.8461538
C10,Leaf,Control,2,10,OPDA,11.79591837
C10,Leaf,Insect,2,9,OPDA,179.6153846
C10,Leaf,Insect,2,10,OPDA,339.6
C10,Leaf,Insect,2,11,OPDA,200.754717
S16,Leaf,Control,3,8,OPDA,12.44
S16,Leaf,Control,3,9,OPDA,94.61538462
S16,Leaf,Control,3,10,OPDA,40.4
S16,Leaf,Insect,3,9,OPDA,194.6153846
S16,Leaf,Insect,3,10,OPDA,69.79591837
S16,Leaf,Insect,3,11,OPDA,20.43137255
C10,Leaf,Control,2,1,OPDA,45
C10,Leaf,Control,2,2,OPDA,13.81818182
C10,Leaf,Control,2,3,OPDA,79.23076923
C10,Leaf,Control,2,4,OPDA,10.95833333
C10,Leaf,Control,2,5,OPDA,18
C10,Leaf,Control,2,6,OPDA,22.24489796
C10,Leaf,Insect,2,1,OPDA,92.4
C10,Leaf,Insect,2,2,OPDA,80.81632653
C10,Leaf,Insect,2,3,OPDA,109.6153846
C10,Leaf,Insect,2,4,OPDA,101.6
C10,Leaf,Insect,2,5,OPDA,75.91836735
C10,Leaf,Insect,2,6,OPDA,106.122449
C10,Leaf,Insect,2,7,OPDA,49.79591837
C10,Leaf,Insect,2,8,OPDA,62.04081633
C112,Leaf,Control,2,1,OPDA,22.04
C112,Leaf,Control,2,2,OPDA,23.79591837
C112,Leaf,Control,2,3,OPDA,20.7755102
C112,Leaf,Control,2,4,OPDA,15.4
C112,Leaf,Control,2,5,OPDA,24.68
C112,Leaf,Control,2,6,OPDA,81.6
C112,Leaf,Insect,2,1,OPDA,157.6
C112,Leaf,Insect,2,2,OPDA,65
C112,Leaf,Insect,2,3,OPDA,47.6
C112,Leaf,Insect,2,4,OPDA,233.6
C112,Leaf,Insect,2,5,OPDA,46.92307692
C112,Leaf,Insect,2,6,OPDA,175.6
C112,Leaf,Insect,2,7,OPDA,68.4
S16,Leaf,Control,2,1,OPDA,19.80769231
S16,Leaf,Control,2,2,OPDA,20.08333333
S16,Leaf,Control,2,3,OPDA,24.375
S16,Leaf,Control,2,5,OPDA,52.54901961
S16,Leaf,Control,2,4,OPDA,52.94117647
S16,Leaf,Control,2,6,OPDA,65.38461538
S16,Leaf,Insect,2,1,OPDA,77.2
S16,Leaf,Insect,2,2,OPDA,46.66666667
S16,Leaf,Insect,2,3,OPDA,107.8431373
S16,Leaf,Insect,2,4,OPDA,34.36
S16,Leaf,Insect,2,5,OPDA,69.01960784
S16,Leaf,Insect,2,6,OPDA,167.0588235
S16,Leaf,Insect,2,7,OPDA,31.92307692
S16,Leaf,Insect,2,8,OPDA,NA
S7,Leaf,Control,2,1,OPDA,38.53061224
S7,Leaf,Control,2,2,OPDA,23.26923077
S7,Leaf,Control,2,3,OPDA,68.8
S7,Leaf,Control,2,4,OPDA,43.26530612
S7,Leaf,Control,2,5,OPDA,21.03846154
S7,Leaf,Control,2,6,OPDA,86.2745098
S7,Leaf,Insect,2,1,OPDA,30.84
S7,Leaf,Insect,2,2,OPDA,48.4
S7,Leaf,Insect,2,3,OPDA,114
S7,Leaf,Insect,2,4,OPDA,135.7692308
S7,Leaf,Insect,2,5,OPDA,51.42857143
S7,Leaf,Insect,2,6,OPDA,106.6666667
S7,Leaf,Insect,2,7,OPDA,43.84615385
S7,Leaf,Insect,2,8,OPDA,42.74509804
C10,Leaf,Control,3,10,OPDA,23.57692308
C10,Leaf,Control,3,2,OPDA,13.57692308
C10,Leaf,Control,3,3,OPDA,20.97959184
C10,Leaf,Control,3,4,OPDA,23.92307692
C10,Leaf,Control,3,5,OPDA,17.29166667
C10,Leaf,Control,3,6,OPDA,15.625
C10,Leaf,Insect,3,1,OPDA,221.6666667
C10,Leaf,Insect,3,2,OPDA,136.8627451
C10,Leaf,Insect,3,3,OPDA,326.122449
C10,Leaf,Insect,3,4,OPDA,211.25
C10,Leaf,Insect,3,5,OPDA,60
C10,Leaf,Insect,3,6,OPDA,101.9607843
C10,Leaf,Insect,3,7,OPDA,160
C10,Leaf,Insect,3,8,OPDA,122.0833333
C112,Leaf,Control,3,1,OPDA,32
C112,Leaf,Control,3,2,OPDA,144.4897959
C112,Leaf,Control,3,3,OPDA,32.66666667
C112,Leaf,Control,3,5,OPDA,21.21568627
C112,Leaf,Control,3,4,OPDA,62.85714286
C112,Leaf,Control,3,6,OPDA,25.16666667
C112,Leaf,Insect,3,1,OPDA,74.8
C112,Leaf,Insect,3,2,OPDA,53.06122449
C112,Leaf,Insect,3,3,OPDA,94.90196078
C112,Leaf,Insect,3,4,OPDA,57.08333333
C112,Leaf,Insect,3,5,OPDA,41.2
C112,Leaf,Insect,3,6,OPDA,84.48979592
C112,Leaf,Insect,3,7,OPDA,109.8039216
S16,Leaf,Control,3,1,OPDA,39.4
S16,Leaf,Control,3,2,OPDA,12.08
S16,Leaf,Control,3,3,OPDA,16.04081633
S16,Leaf,Control,3,4,OPDA,20.70833333
S16,Leaf,Control,3,5,OPDA,32.61538462
S16,Leaf,Control,3,6,OPDA,45
S16,Leaf,Insect,3,1,OPDA,39.61538462
S16,Leaf,Insect,3,2,OPDA,65.71428571
S16,Leaf,Insect,3,5,OPDA,57.64705882
S16,Leaf,Insect,3,4,OPDA,100.8333333
S16,Leaf,Insect,3,3,OPDA,60
S16,Leaf,Insect,3,6,OPDA,110.2040816
S16,Leaf,Insect,3,7,OPDA,703.8461538
S16,Leaf,Insect,3,8,OPDA,53.87755102
S7,Leaf,Control,3,1,OPDA,22.82352941
S7,Leaf,Control,3,2,OPDA,23.76470588
S7,Leaf,Control,3,3,OPDA,12.73469388
S7,Leaf,Control,3,4,OPDA,22.6
S7,Leaf,Control,3,5,OPDA,9.461538462
S7,Leaf,Control,3,6,OPDA,21.34693878
S7,Leaf,Insect,3,1,OPDA,264
S7,Leaf,Insect,3,3,OPDA,87.34693878
S7,Leaf,Insect,3,2,OPDA,43.46153846
S7,Leaf,Insect,3,4,OPDA,82
S7,Leaf,Insect,3,6,OPDA,82.69230769
S7,Leaf,Insect,3,5,OPDA,135.8333333
S7,Leaf,Insect,3,9,OPDA,194
S7,Leaf,Insect,3,8,OPDA,88.75
C112,Leaf,Insect,2,8,OPDA,250
