id,Soil,Sample_Type,Treatment,Experimental_Run,Replicate,Benzoxazinoid,Concentration_mg_g
T19,S16,Root,Control,1,8,DIBOA_Glc,0.0528
T20,S16,Root,Control,1,9,DIBOA_Glc,0.011592593
T21,S16,Root,Control,1,10,DIBOA_Glc,0.03632
T22,S16,Root,Insect,1,9,DIBOA_Glc,0.039384615
T23,S16,Root,Insect,1,10,DIBOA_Glc,0.03444
T24,S16,Root,Insect,1,11,DIBOA_Glc,0.029307692
164,C10,Root,Control,1,1,DIBOA_Glc,0.06236
165,C10,Root,Control,1,2,DIBOA_Glc,0.044846154
166,C10,Root,Control,1,3,DIBOA_Glc,0.0518
167,C10,Root,Control,1,4,DIBOA_Glc,0.0422
168,C10,Root,Control,1,5,DIBOA_Glc,0.036961538
169,C10,Root,Control,1,6,DIBOA_Glc,0.034111111
170,C10,Root,Insect,1,1,DIBOA_Glc,0.054692308
171,C10,Root,Insect,1,2,DIBOA_Glc,0.077
172,C10,Root,Insect,1,3,DIBOA_Glc,0.07337037
173,C10,Root,Insect,1,4,DIBOA_Glc,0.08672
174,C10,Root,Insect,1,5,DIBOA_Glc,0.0465
175,C10,Root,Insect,1,6,DIBOA_Glc,0.053851852
176,C10,Root,Insect,1,7,DIBOA_Glc,0.062222222
177,C10,Root,Insect,1,8,DIBOA_Glc,0.06236
178,C112,Root,Control,1,1,DIBOA_Glc,0.049666667
179,C112,Root,Control,1,2,DIBOA_Glc,0.038777778
180,C112,Root,Control,1,3,DIBOA_Glc,0.07264
181,C112,Root,Control,1,4,DIBOA_Glc,0.04468
182,C112,Root,Control,1,5,DIBOA_Glc,0.05196
183,C112,Root,Control,1,6,DIBOA_Glc,0.07708
184,C112,Root,Insect,1,1,DIBOA_Glc,0.06508
185,C112,Root,Insect,1,2,DIBOA_Glc,0.0405
186,C112,Root,Insect,1,3,DIBOA_Glc,0.07204
187,C112,Root,Insect,1,4,DIBOA_Glc,0.07088
188,C112,Root,Insect,1,5,DIBOA_Glc,0.119615385
189,C112,Root,Insect,1,6,DIBOA_Glc,0.096846154
190,C112,Root,Insect,1,7,DIBOA_Glc,0.090269231
191,C112,Root,Insect,1,8,DIBOA_Glc,0.079307692
192,S16,Root,Control,1,1,DIBOA_Glc,0.068076923
193,S16,Root,Control,1,2,DIBOA_Glc,0.070875
194,S16,Root,Control,1,3,DIBOA_Glc,0.03596
195,S16,Root,Control,1,5,DIBOA_Glc,0.040958333
196,S16,Root,Control,1,4,DIBOA_Glc,0.057888889
197,S16,Root,Control,1,6,DIBOA_Glc,0.024111111
198,S16,Root,Insect,1,1,DIBOA_Glc,0.068518519
199,S16,Root,Insect,1,2,DIBOA_Glc,0.07
200,S16,Root,Insect,1,3,DIBOA_Glc,0.045615385
202,S16,Root,Insect,1,4,DIBOA_Glc,0.084730769
201,S16,Root,Insect,1,5,DIBOA_Glc,0.040444444
203,S16,Root,Insect,1,6,DIBOA_Glc,0.02952
311,S7,Root,Control,1,1,DIBOA_Glc,0.09048
312,S7,Root,Control,1,2,DIBOA_Glc,0.0456
206,S7,Root,Control,1,3,DIBOA_Glc,0.0476
207,S7,Root,Control,1,4,DIBOA_Glc,0.049086957
208,S7,Root,Control,1,5,DIBOA_Glc,0.074958333
209,S7,Root,Control,1,6,DIBOA_Glc,0.057259259
210,S7,Root,Insect,1,1,DIBOA_Glc,0.071923077
211,S7,Root,Insect,1,2,DIBOA_Glc,0.066846154
212,S7,Root,Insect,1,3,DIBOA_Glc,0.026115385
213,S7,Root,Insect,1,4,DIBOA_Glc,0.129730769
214,S7,Root,Insect,1,5,DIBOA_Glc,0.096346154
215,S7,Root,Insect,1,6,DIBOA_Glc,0.075346154
216,S7,Root,Insect,1,7,DIBOA_Glc,0.091961538
272,C10,Root,Control,1,10,DIBOA_Glc,0.060692308
273,C10,Root,Control,1,2,DIBOA_Glc,0.060846154
274,C10,Root,Control,1,3,DIBOA_Glc,0.03912
275,C10,Root,Control,1,4,DIBOA_Glc,0.05052
276,C10,Root,Control,1,5,DIBOA_Glc,0.036814815
277,C10,Root,Control,1,6,DIBOA_Glc,0.08775
278,C10,Root,Insect,1,1,DIBOA_Glc,0.124166667
279,C10,Root,Insect,1,2,DIBOA_Glc,0.04704
280,C10,Root,Insect,1,3,DIBOA_Glc,0.152375
281,C10,Root,Insect,1,5,DIBOA_Glc,0.048153846
282,C10,Root,Insect,1,4,DIBOA_Glc,0.048923077
283,C10,Root,Insect,1,6,DIBOA_Glc,0.063807692
284,C10,Root,Insect,1,7,DIBOA_Glc,0.0478
285,C10,Root,Insect,1,8,DIBOA_Glc,0.06516
286,C112,Root,Control,1,1,DIBOA_Glc,0.04352
287,C112,Root,Control,1,2,DIBOA_Glc,0.06862963
288,C112,Root,Control,1,3,DIBOA_Glc,0.080307692
289,C112,Root,Control,1,4,DIBOA_Glc,0.051791667
290,C112,Root,Control,1,5,DIBOA_Glc,0.072851852
291,C112,Root,Control,1,6,DIBOA_Glc,0.05816
292,C112,Root,Insect,1,1,DIBOA_Glc,0.03768
293,C112,Root,Insect,1,2,DIBOA_Glc,0.066153846
294,C112,Root,Insect,1,3,DIBOA_Glc,0.048148148
295,C112,Root,Insect,1,4,DIBOA_Glc,0.03164
296,C112,Root,Insect,1,5,DIBOA_Glc,0.0602
297,C112,Root,Insect,1,6,DIBOA_Glc,0.046291667
298,C112,Root,Insect,1,7,DIBOA_Glc,0.09456
299,S16,Root,Control,1,1,DIBOA_Glc,0.105458333
300,S16,Root,Control,1,2,DIBOA_Glc,0.073407407
301,S16,Root,Control,1,3,DIBOA_Glc,0.066407407
302,S16,Root,Control,1,5,DIBOA_Glc,0.080666667
303,S16,Root,Control,1,4,DIBOA_Glc,0.055888889
304,S16,Root,Control,1,6,DIBOA_Glc,0.09375
305,S16,Root,Insect,1,1,DIBOA_Glc,0.138703704
306,S16,Root,Insect,1,2,DIBOA_Glc,0.128692308
307,S16,Root,Insect,1,3,DIBOA_Glc,0.079296296
308,S16,Root,Insect,1,4,DIBOA_Glc,0.094807692
309,S16,Root,Insect,1,5,DIBOA_Glc,0.141666667
310,S16,Root,Insect,1,6,DIBOA_Glc,0.098192308
204,S16,Root,Insect,1,7,DIBOA_Glc,0.075041667
205,S16,Root,Insect,1,8,DIBOA_Glc,0.04904
313,S7,Root,Control,1,1,DIBOA_Glc,0.038384615
314,S7,Root,Control,1,2,DIBOA_Glc,0.030592593
315,S7,Root,Control,1,3,DIBOA_Glc,0.026222222
316,S7,Root,Control,1,4,DIBOA_Glc,0.023703704
317,S7,Root,Control,1,5,DIBOA_Glc,0.030962963
318,S7,Root,Control,1,6,DIBOA_Glc,0.03788
319,S7,Root,Insect,1,1,DIBOA_Glc,0.095615385
320,S7,Root,Insect,1,2,DIBOA_Glc,0.051481481
321,S7,Root,Insect,1,3,DIBOA_Glc,0.083461538
322,S7,Root,Insect,1,4,DIBOA_Glc,0.082538462
323,S7,Root,Insect,1,5,DIBOA_Glc,0.085125
324,S7,Root,Insect,1,6,DIBOA_Glc,0.068074074
325,S7,Root,Insect,1,7,DIBOA_Glc,0.04575
326,S7,Root,Insect,1,8,DIBOA_Glc,0.050148148
T1,C10,Leaf,Control,2,8,DIBOA_Glc,0.049307692
T2,C10,Leaf,Control,2,9,DIBOA_Glc,0.0334
T3,C10,Leaf,Control,2,10,DIBOA_Glc,0.02424
T4,C10,Leaf,Insect,2,9,DIBOA_Glc,0.036958333
T5,C10,Leaf,Insect,2,10,DIBOA_Glc,0.047
T6,C10,Leaf,Insect,2,11,DIBOA_Glc,0.01362963
1,C10,Leaf,Control,1,1,DIBOA_Glc,0.041423077
2,C10,Leaf,Control,1,2,DIBOA_Glc,0.08636
3,C10,Leaf,Control,1,3,DIBOA_Glc,0.040807692
4,C10,Leaf,Control,1,4,DIBOA_Glc,0.049166667
5,C10,Leaf,Control,1,5,DIBOA_Glc,0.0435
6,C10,Leaf,Control,1,6,DIBOA_Glc,0.06708
7,C10,Leaf,Insect,1,1,DIBOA_Glc,0.020708333
8,C10,Leaf,Insect,1,2,DIBOA_Glc,0.0426
9,C10,Leaf,Insect,1,3,DIBOA_Glc,0.05124
10,C10,Leaf,Insect,1,4,DIBOA_Glc,0.04672
11,C10,Leaf,Insect,1,5,DIBOA_Glc,0.073791667
12,C10,Leaf,Insect,1,6,DIBOA_Glc,0.070115385
13,C10,Leaf,Insect,1,7,DIBOA_Glc,0.045576923
14,C10,Leaf,Insect,1,8,DIBOA_Glc,0.042115385
15,C112,Leaf,Control,1,1,DIBOA_Glc,0.06028
16,C112,Leaf,Control,1,2,DIBOA_Glc,0.061307692
17,C112,Leaf,Control,1,3,DIBOA_Glc,0.062541667
18,C112,Leaf,Control,1,4,DIBOA_Glc,0.062888889
19,C112,Leaf,Control,1,5,DIBOA_Glc,0.041461538
20,C112,Leaf,Control,1,6,DIBOA_Glc,0.06416
21,C112,Leaf,Insect,1,1,DIBOA_Glc,0.060038462
22,C112,Leaf,Insect,1,2,DIBOA_Glc,0.043962963
23,C112,Leaf,Insect,1,3,DIBOA_Glc,0.052583333
24,C112,Leaf,Insect,1,4,DIBOA_Glc,0.05948
25,C112,Leaf,Insect,1,5,DIBOA_Glc,0.06032
26,C112,Leaf,Insect,1,6,DIBOA_Glc,0.04636
27,C112,Leaf,Insect,1,7,DIBOA_Glc,0.033230769
28,C112,Leaf,Insect,1,8,DIBOA_Glc,0.045666667
29,S16,Leaf,Control,1,1,DIBOA_Glc,0.083962963
30,S16,Leaf,Control,1,2,DIBOA_Glc,0.059666667
31,S16,Leaf,Control,1,3,DIBOA_Glc,0.053111111
32,S16,Leaf,Control,1,4,DIBOA_Glc,0.09436
33,S16,Leaf,Control,1,5,DIBOA_Glc,0.070791667
34,S16,Leaf,Control,1,6,DIBOA_Glc,0.05688
35,S16,Leaf,Insect,1,1,DIBOA_Glc,0.102375
36,S16,Leaf,Insect,1,2,DIBOA_Glc,0.066458333
37,S16,Leaf,Insect,1,3,DIBOA_Glc,0.08956
38,S16,Leaf,Insect,1,4,DIBOA_Glc,0.029958333
39,S16,Leaf,Insect,1,5,DIBOA_Glc,0.095888889
40,S16,Leaf,Insect,1,6,DIBOA_Glc,0.084666667
41,S7,Leaf,Control,1,1,DIBOA_Glc,0.06048
42,S7,Leaf,Control,1,2,DIBOA_Glc,0.050041667
43,S7,Leaf,Control,1,3,DIBOA_Glc,0.041884615
44,S7,Leaf,Control,1,4,DIBOA_Glc,0.036851852
45,S7,Leaf,Control,1,5,DIBOA_Glc,0.0428
46,S7,Leaf,Control,1,6,DIBOA_Glc,0.043346154
47,S7,Leaf,Insect,1,1,DIBOA_Glc,0.101583333
48,S7,Leaf,Insect,1,2,DIBOA_Glc,0.087
49,S7,Leaf,Insect,1,3,DIBOA_Glc,0.059888889
50,S7,Leaf,Insect,1,4,DIBOA_Glc,0.090423077
51,S7,Leaf,Insect,1,5,DIBOA_Glc,0.05664
52,S7,Leaf,Insect,1,6,DIBOA_Glc,0.05328
53,S7,Leaf,Insect,1,7,DIBOA_Glc,0.02164
54,C10,Leaf,Control,2,1,DIBOA_Glc,0.068148148
55,C10,Leaf,Control,2,2,DIBOA_Glc,0.03284
56,C10,Leaf,Control,2,3,DIBOA_Glc,0.04556
57,C10,Leaf,Control,2,4,DIBOA_Glc,0.039346154
58,C10,Leaf,Control,2,5,DIBOA_Glc,0.054384615
59,C10,Leaf,Control,2,6,DIBOA_Glc,0.043269231
60,C10,Leaf,Insect,2,1,DIBOA_Glc,0.056037037
61,C10,Leaf,Insect,2,2,DIBOA_Glc,0.048925926
62,C10,Leaf,Insect,2,3,DIBOA_Glc,0.083125
63,C10,Leaf,Insect,2,4,DIBOA_Glc,0.057791667
64,C10,Leaf,Insect,2,5,DIBOA_Glc,0.06128
65,C10,Leaf,Insect,2,6,DIBOA_Glc,0.05148
66,C10,Leaf,Insect,2,7,DIBOA_Glc,0.086041667
67,C10,Leaf,Insect,2,8,DIBOA_Glc,0.068333333
68,C112,Leaf,Control,2,1,DIBOA_Glc,0.063916667
69,C112,Leaf,Control,2,2,DIBOA_Glc,0.063458333
70,C112,Leaf,Control,2,3,DIBOA_Glc,0.035875
71,C112,Leaf,Control,2,4,DIBOA_Glc,0.050846154
72,C112,Leaf,Control,2,5,DIBOA_Glc,0.049708333
73,C112,Leaf,Control,2,6,DIBOA_Glc,0.050703704
74,C112,Leaf,Insect,2,1,DIBOA_Glc,0.060115385
75,C112,Leaf,Insect,2,2,DIBOA_Glc,0.069615385
76,C112,Leaf,Insect,2,3,DIBOA_Glc,0.07152
77,C112,Leaf,Insect,2,4,DIBOA_Glc,0.052230769
78,C112,Leaf,Insect,2,5,DIBOA_Glc,0.061692308
79,C112,Leaf,Insect,2,6,DIBOA_Glc,0.069538462
80,C112,Leaf,Insect,2,7,DIBOA_Glc,0.04632
81,S16,Leaf,Control,2,1,DIBOA_Glc,0.063958333
82,S16,Leaf,Control,2,2,DIBOA_Glc,0.055115385
83,S16,Leaf,Control,2,3,DIBOA_Glc,0.055846154
84,S16,Leaf,Control,2,5,DIBOA_Glc,0.042884615
85,S16,Leaf,Control,2,4,DIBOA_Glc,0.05424
86,S16,Leaf,Control,2,6,DIBOA_Glc,0.080807692
87,S16,Leaf,Insect,2,1,DIBOA_Glc,0.045692308
88,S16,Leaf,Insect,2,2,DIBOA_Glc,0.058884615
89,S16,Leaf,Insect,2,3,DIBOA_Glc,0.061038462
90,S16,Leaf,Insect,2,4,DIBOA_Glc,0.035461538
91,S16,Leaf,Insect,2,5,DIBOA_Glc,0.076576923
92,S16,Leaf,Insect,2,6,DIBOA_Glc,0.05296
93,S16,Leaf,Insect,2,7,DIBOA_Glc,0.054166667
94,S16,Leaf,Insect,2,8,DIBOA_Glc,NA
95,S7,Leaf,Control,2,1,DIBOA_Glc,0.0515
96,S7,Leaf,Control,2,2,DIBOA_Glc,0.0385
97,S7,Leaf,Control,2,3,DIBOA_Glc,0.030444444
98,S7,Leaf,Control,2,4,DIBOA_Glc,0.02725
99,S7,Leaf,Control,2,5,DIBOA_Glc,0.050958333
100,S7,Leaf,Control,2,6,DIBOA_Glc,0.02872
101,S7,Leaf,Insect,2,1,DIBOA_Glc,0.043692308
102,S7,Leaf,Insect,2,2,DIBOA_Glc,0.032076923
103,S7,Leaf,Insect,2,3,DIBOA_Glc,0.043291667
104,S7,Leaf,Insect,2,4,DIBOA_Glc,0.034
105,S7,Leaf,Insect,2,5,DIBOA_Glc,0.05968
106,S7,Leaf,Insect,2,6,DIBOA_Glc,0.033
107,S7,Leaf,Insect,2,7,DIBOA_Glc,0.038222222
108,S7,Leaf,Insect,2,8,DIBOA_Glc,0.02692
327,C112,Leaf,Insect,2,8,DIBOA_Glc,0.067925926
T19,S16,Root,Control,1,8,DIMBOA,0.02568
T20,S16,Root,Control,1,9,DIMBOA,0.037740741
T21,S16,Root,Control,1,10,DIMBOA,0.03028
T22,S16,Root,Insect,1,9,DIMBOA,0.022846154
T23,S16,Root,Insect,1,10,DIMBOA,0.01348
T24,S16,Root,Insect,1,11,DIMBOA,0.035846154
164,C10,Root,Control,1,1,DIMBOA,0.02544
165,C10,Root,Control,1,2,DIMBOA,0.029461538
166,C10,Root,Control,1,3,DIMBOA,0.02012
167,C10,Root,Control,1,4,DIMBOA,0.02632
168,C10,Root,Control,1,5,DIMBOA,0.0295
169,C10,Root,Control,1,6,DIMBOA,0.053407407
170,C10,Root,Insect,1,1,DIMBOA,0.020038462
171,C10,Root,Insect,1,2,DIMBOA,0.02268
172,C10,Root,Insect,1,3,DIMBOA,0.027740741
173,C10,Root,Insect,1,4,DIMBOA,0.03944
174,C10,Root,Insect,1,5,DIMBOA,0.031166667
175,C10,Root,Insect,1,6,DIMBOA,0.026888889
176,C10,Root,Insect,1,7,DIMBOA,0.031814815
177,C10,Root,Insect,1,8,DIMBOA,0.04092
178,C112,Root,Control,1,1,DIMBOA,0.038041667
179,C112,Root,Control,1,2,DIMBOA,0.009703704
180,C112,Root,Control,1,3,DIMBOA,0.04292
181,C112,Root,Control,1,4,DIMBOA,0.01932
182,C112,Root,Control,1,5,DIMBOA,0.02668
183,C112,Root,Control,1,6,DIMBOA,0.0512
184,C112,Root,Insect,1,1,DIMBOA,0.04064
185,C112,Root,Insect,1,2,DIMBOA,0.024083333
186,C112,Root,Insect,1,3,DIMBOA,0.03776
187,C112,Root,Insect,1,4,DIMBOA,0.03108
188,C112,Root,Insect,1,5,DIMBOA,0.027538462
189,C112,Root,Insect,1,6,DIMBOA,0.039923077
190,C112,Root,Insect,1,7,DIMBOA,0.032846154
191,C112,Root,Insect,1,8,DIMBOA,0.032115385
192,S16,Root,Control,1,1,DIMBOA,0.034923077
193,S16,Root,Control,1,2,DIMBOA,0.055375
194,S16,Root,Control,1,3,DIMBOA,0.03076
195,S16,Root,Control,1,5,DIMBOA,0.023458333
196,S16,Root,Control,1,4,DIMBOA,0.01662963
197,S16,Root,Control,1,6,DIMBOA,0.01762963
198,S16,Root,Insect,1,1,DIMBOA,0.023592593
199,S16,Root,Insect,1,2,DIMBOA,0.023076923
200,S16,Root,Insect,1,3,DIMBOA,0.012
202,S16,Root,Insect,1,4,DIMBOA,0.012115385
201,S16,Root,Insect,1,5,DIMBOA,0.009851852
203,S16,Root,Insect,1,6,DIMBOA,0.0056
311,S7,Root,Control,1,1,DIMBOA,0.034
312,S7,Root,Control,1,2,DIMBOA,0.02616
206,S7,Root,Control,1,3,DIMBOA,0.02624
207,S7,Root,Control,1,4,DIMBOA,0.082478261
208,S7,Root,Control,1,5,DIMBOA,0.042708333
209,S7,Root,Control,1,6,DIMBOA,0.032037037
210,S7,Root,Insect,1,1,DIMBOA,0.022307692
211,S7,Root,Insect,1,2,DIMBOA,0.030423077
212,S7,Root,Insect,1,3,DIMBOA,0.021538462
213,S7,Root,Insect,1,4,DIMBOA,0.046923077
214,S7,Root,Insect,1,5,DIMBOA,0.031038462
215,S7,Root,Insect,1,6,DIMBOA,0.0325
216,S7,Root,Insect,1,7,DIMBOA,0.016153846
272,C10,Root,Control,1,10,DIMBOA,0.047846154
273,C10,Root,Control,1,2,DIMBOA,0.034192308
274,C10,Root,Control,1,3,DIMBOA,0.02804
275,C10,Root,Control,1,4,DIMBOA,0.02572
276,C10,Root,Control,1,5,DIMBOA,0.01562963
277,C10,Root,Control,1,6,DIMBOA,0.04825
278,C10,Root,Insect,1,1,DIMBOA,0.067166667
279,C10,Root,Insect,1,2,DIMBOA,0.03072
280,C10,Root,Insect,1,3,DIMBOA,0.071291667
281,C10,Root,Insect,1,5,DIMBOA,0.018461538
282,C10,Root,Insect,1,4,DIMBOA,0.01
283,C10,Root,Insect,1,6,DIMBOA,0.033269231
284,C10,Root,Insect,1,7,DIMBOA,0.03732
285,C10,Root,Insect,1,8,DIMBOA,0.03364
286,C112,Root,Control,1,1,DIMBOA,0.03184
287,C112,Root,Control,1,2,DIMBOA,0.025777778
288,C112,Root,Control,1,3,DIMBOA,0.038153846
289,C112,Root,Control,1,4,DIMBOA,0.023041667
290,C112,Root,Control,1,5,DIMBOA,0.033148148
291,C112,Root,Control,1,6,DIMBOA,0.02364
292,C112,Root,Insect,1,1,DIMBOA,0.00692
293,C112,Root,Insect,1,2,DIMBOA,0.042038462
294,C112,Root,Insect,1,3,DIMBOA,0.021037037
295,C112,Root,Insect,1,4,DIMBOA,0.0086
296,C112,Root,Insect,1,5,DIMBOA,0.0336
297,C112,Root,Insect,1,6,DIMBOA,0.014125
298,C112,Root,Insect,1,7,DIMBOA,0.03136
299,S16,Root,Control,1,1,DIMBOA,0.034166667
300,S16,Root,Control,1,2,DIMBOA,0.014296296
301,S16,Root,Control,1,3,DIMBOA,0.019925926
302,S16,Root,Control,1,5,DIMBOA,0.027958333
303,S16,Root,Control,1,4,DIMBOA,0.024481481
304,S16,Root,Control,1,6,DIMBOA,0.017833333
305,S16,Root,Insect,1,1,DIMBOA,0.042851852
306,S16,Root,Insect,1,2,DIMBOA,0.024307692
307,S16,Root,Insect,1,3,DIMBOA,0.013296296
308,S16,Root,Insect,1,4,DIMBOA,0.017692308
309,S16,Root,Insect,1,5,DIMBOA,0.056851852
310,S16,Root,Insect,1,6,DIMBOA,0.021730769
204,S16,Root,Insect,1,7,DIMBOA,0.034875
205,S16,Root,Insect,1,8,DIMBOA,0.02068
313,S7,Root,Control,1,1,DIMBOA,0.026807692
314,S7,Root,Control,1,2,DIMBOA,0.038333333
315,S7,Root,Control,1,3,DIMBOA,0.021222222
316,S7,Root,Control,1,4,DIMBOA,0.025148148
317,S7,Root,Control,1,5,DIMBOA,0.018444444
318,S7,Root,Control,1,6,DIMBOA,0.0426
319,S7,Root,Insect,1,1,DIMBOA,0.030230769
320,S7,Root,Insect,1,2,DIMBOA,0.023481481
321,S7,Root,Insect,1,3,DIMBOA,0.038730769
322,S7,Root,Insect,1,4,DIMBOA,0.015576923
323,S7,Root,Insect,1,5,DIMBOA,0.017041667
324,S7,Root,Insect,1,6,DIMBOA,0.03937037
325,S7,Root,Insect,1,7,DIMBOA,0.021291667
326,S7,Root,Insect,1,8,DIMBOA,0.023962963
T1,C10,Leaf,Control,2,8,DIMBOA,0.057692308
T2,C10,Leaf,Control,2,9,DIMBOA,0.08656
T3,C10,Leaf,Control,2,10,DIMBOA,0.0592
T4,C10,Leaf,Insect,2,9,DIMBOA,0.218541667
T5,C10,Leaf,Insect,2,10,DIMBOA,0.10168
T6,C10,Leaf,Insect,2,11,DIMBOA,0.089592593
1,C10,Leaf,Control,1,1,DIMBOA,0.044192308
2,C10,Leaf,Control,1,2,DIMBOA,0.00828
3,C10,Leaf,Control,1,3,DIMBOA,0.040307692
4,C10,Leaf,Control,1,4,DIMBOA,0.05025
5,C10,Leaf,Control,1,5,DIMBOA,0.088083333
6,C10,Leaf,Control,1,6,DIMBOA,0.10228
7,C10,Leaf,Insect,1,1,DIMBOA,0.098041667
8,C10,Leaf,Insect,1,2,DIMBOA,0.16024
9,C10,Leaf,Insect,1,3,DIMBOA,0.13816
10,C10,Leaf,Insect,1,4,DIMBOA,0.14684
11,C10,Leaf,Insect,1,5,DIMBOA,0.171
12,C10,Leaf,Insect,1,6,DIMBOA,0.111038462
13,C10,Leaf,Insect,1,7,DIMBOA,0.136115385
14,C10,Leaf,Insect,1,8,DIMBOA,0.084192308
15,C112,Leaf,Control,1,1,DIMBOA,0.0988
16,C112,Leaf,Control,1,2,DIMBOA,0.086615385
17,C112,Leaf,Control,1,3,DIMBOA,0.071916667
18,C112,Leaf,Control,1,4,DIMBOA,0.080407407
19,C112,Leaf,Control,1,5,DIMBOA,0.090538462
20,C112,Leaf,Control,1,6,DIMBOA,0.12588
21,C112,Leaf,Insect,1,1,DIMBOA,0.154115385
22,C112,Leaf,Insect,1,2,DIMBOA,0.098
23,C112,Leaf,Insect,1,3,DIMBOA,0.170833333
24,C112,Leaf,Insect,1,4,DIMBOA,0.13132
25,C112,Leaf,Insect,1,5,DIMBOA,0.17928
26,C112,Leaf,Insect,1,6,DIMBOA,0.152
27,C112,Leaf,Insect,1,7,DIMBOA,0.124038462
28,C112,Leaf,Insect,1,8,DIMBOA,0.197166667
29,S16,Leaf,Control,1,1,DIMBOA,0.114333333
30,S16,Leaf,Control,1,2,DIMBOA,0.097375
31,S16,Leaf,Control,1,3,DIMBOA,0.060962963
32,S16,Leaf,Control,1,4,DIMBOA,0.08524
33,S16,Leaf,Control,1,5,DIMBOA,0.081875
34,S16,Leaf,Control,1,6,DIMBOA,0.09828
35,S16,Leaf,Insect,1,1,DIMBOA,0.137416667
36,S16,Leaf,Insect,1,2,DIMBOA,0.111791667
37,S16,Leaf,Insect,1,3,DIMBOA,0.16764
38,S16,Leaf,Insect,1,4,DIMBOA,0.045041667
39,S16,Leaf,Insect,1,5,DIMBOA,0.13837037
40,S16,Leaf,Insect,1,6,DIMBOA,0.132916667
41,S7,Leaf,Control,1,1,DIMBOA,0.0882
42,S7,Leaf,Control,1,2,DIMBOA,0.059333333
43,S7,Leaf,Control,1,3,DIMBOA,0.063076923
44,S7,Leaf,Control,1,4,DIMBOA,0.096777778
45,S7,Leaf,Control,1,5,DIMBOA,0.07388
46,S7,Leaf,Control,1,6,DIMBOA,0.103346154
47,S7,Leaf,Insect,1,1,DIMBOA,0.095583333
48,S7,Leaf,Insect,1,2,DIMBOA,0.09616
49,S7,Leaf,Insect,1,3,DIMBOA,0.051666667
50,S7,Leaf,Insect,1,4,DIMBOA,0.147923077
51,S7,Leaf,Insect,1,5,DIMBOA,0.12168
52,S7,Leaf,Insect,1,6,DIMBOA,0.05776
53,S7,Leaf,Insect,1,7,DIMBOA,0.087
54,C10,Leaf,Control,2,1,DIMBOA,0.024777778
55,C10,Leaf,Control,2,2,DIMBOA,0.09284
56,C10,Leaf,Control,2,3,DIMBOA,0.09684
57,C10,Leaf,Control,2,4,DIMBOA,0.138538462
58,C10,Leaf,Control,2,5,DIMBOA,0.073
59,C10,Leaf,Control,2,6,DIMBOA,0.078730769
60,C10,Leaf,Insect,2,1,DIMBOA,0.132148148
61,C10,Leaf,Insect,2,2,DIMBOA,0.092333333
62,C10,Leaf,Insect,2,3,DIMBOA,0.137875
63,C10,Leaf,Insect,2,4,DIMBOA,0.1105
64,C10,Leaf,Insect,2,5,DIMBOA,0.11452
65,C10,Leaf,Insect,2,6,DIMBOA,0.12484
66,C10,Leaf,Insect,2,7,DIMBOA,0.103666667
67,C10,Leaf,Insect,2,8,DIMBOA,0.099888889
68,C112,Leaf,Control,2,1,DIMBOA,0.0955
69,C112,Leaf,Control,2,2,DIMBOA,0.107125
70,C112,Leaf,Control,2,3,DIMBOA,0.07075
71,C112,Leaf,Control,2,4,DIMBOA,0.088038462
72,C112,Leaf,Control,2,5,DIMBOA,0.081
73,C112,Leaf,Control,2,6,DIMBOA,0.095592593
74,C112,Leaf,Insect,2,1,DIMBOA,0.099576923
75,C112,Leaf,Insect,2,2,DIMBOA,0.144
76,C112,Leaf,Insect,2,3,DIMBOA,0.0964
77,C112,Leaf,Insect,2,4,DIMBOA,0.135538462
78,C112,Leaf,Insect,2,5,DIMBOA,0.1235
79,C112,Leaf,Insect,2,6,DIMBOA,0.161730769
80,C112,Leaf,Insect,2,7,DIMBOA,0.16844
81,S16,Leaf,Control,2,1,DIMBOA,0.058791667
82,S16,Leaf,Control,2,2,DIMBOA,0.075269231
83,S16,Leaf,Control,2,3,DIMBOA,0.0555
84,S16,Leaf,Control,2,5,DIMBOA,0.040384615
85,S16,Leaf,Control,2,4,DIMBOA,0.06204
86,S16,Leaf,Control,2,6,DIMBOA,0.098884615
87,S16,Leaf,Insect,2,1,DIMBOA,0.065423077
88,S16,Leaf,Insect,2,2,DIMBOA,0.078576923
89,S16,Leaf,Insect,2,3,DIMBOA,0.088
90,S16,Leaf,Insect,2,4,DIMBOA,0.028576923
91,S16,Leaf,Insect,2,5,DIMBOA,0.070615385
92,S16,Leaf,Insect,2,6,DIMBOA,0.08084
93,S16,Leaf,Insect,2,7,DIMBOA,0.0685
94,S16,Leaf,Insect,2,8,DIMBOA,NA
95,S7,Leaf,Control,2,1,DIMBOA,0.077038462
96,S7,Leaf,Control,2,2,DIMBOA,0.087846154
97,S7,Leaf,Control,2,3,DIMBOA,0.068592593
98,S7,Leaf,Control,2,4,DIMBOA,0.058125
99,S7,Leaf,Control,2,5,DIMBOA,0.123583333
100,S7,Leaf,Control,2,6,DIMBOA,0.1032
101,S7,Leaf,Insect,2,1,DIMBOA,0.147269231
102,S7,Leaf,Insect,2,2,DIMBOA,0.103692308
103,S7,Leaf,Insect,2,3,DIMBOA,0.156583333
104,S7,Leaf,Insect,2,4,DIMBOA,0.09864
105,S7,Leaf,Insect,2,5,DIMBOA,0.11836
106,S7,Leaf,Insect,2,6,DIMBOA,0.088346154
107,S7,Leaf,Insect,2,7,DIMBOA,0.100148148
108,S7,Leaf,Insect,2,8,DIMBOA,0.06496
327,C112,Leaf,Insect,2,8,DIMBOA,0.175259259
T19,S16,Root,Control,1,8,DIMBOA_Glc,0.38396
T20,S16,Root,Control,1,9,DIMBOA_Glc,0.085222222
T21,S16,Root,Control,1,10,DIMBOA_Glc,0.2306
T22,S16,Root,Insect,1,9,DIMBOA_Glc,0.358653846
T23,S16,Root,Insect,1,10,DIMBOA_Glc,0.27008
T24,S16,Root,Insect,1,11,DIMBOA_Glc,0.243769231
164,C10,Root,Control,1,1,DIMBOA_Glc,0.17956
165,C10,Root,Control,1,2,DIMBOA_Glc,0.234423077
166,C10,Root,Control,1,3,DIMBOA_Glc,0.15508
167,C10,Root,Control,1,4,DIMBOA_Glc,0.1498
168,C10,Root,Control,1,5,DIMBOA_Glc,0.172807692
169,C10,Root,Control,1,6,DIMBOA_Glc,0.138444444
170,C10,Root,Insect,1,1,DIMBOA_Glc,0.202384615
171,C10,Root,Insect,1,2,DIMBOA_Glc,0.20328
172,C10,Root,Insect,1,3,DIMBOA_Glc,0.23137037
173,C10,Root,Insect,1,4,DIMBOA_Glc,0.24428
174,C10,Root,Insect,1,5,DIMBOA_Glc,0.147708333
175,C10,Root,Insect,1,6,DIMBOA_Glc,0.159259259
176,C10,Root,Insect,1,7,DIMBOA_Glc,0.222407407
177,C10,Root,Insect,1,8,DIMBOA_Glc,0.22192
178,C112,Root,Control,1,1,DIMBOA_Glc,0.195916667
179,C112,Root,Control,1,2,DIMBOA_Glc,0.134148148
180,C112,Root,Control,1,3,DIMBOA_Glc,0.27692
181,C112,Root,Control,1,4,DIMBOA_Glc,0.17836
182,C112,Root,Control,1,5,DIMBOA_Glc,0.19144
183,C112,Root,Control,1,6,DIMBOA_Glc,0.26016
184,C112,Root,Insect,1,1,DIMBOA_Glc,0.22716
185,C112,Root,Insect,1,2,DIMBOA_Glc,0.156833333
186,C112,Root,Insect,1,3,DIMBOA_Glc,0.23728
187,C112,Root,Insect,1,4,DIMBOA_Glc,0.27944
188,C112,Root,Insect,1,5,DIMBOA_Glc,0.321
189,C112,Root,Insect,1,6,DIMBOA_Glc,0.309269231
190,C112,Root,Insect,1,7,DIMBOA_Glc,0.2645
191,C112,Root,Insect,1,8,DIMBOA_Glc,0.276730769
192,S16,Root,Control,1,1,DIMBOA_Glc,0.206076923
193,S16,Root,Control,1,2,DIMBOA_Glc,0.311916667
194,S16,Root,Control,1,3,DIMBOA_Glc,0.14968
195,S16,Root,Control,1,5,DIMBOA_Glc,0.185208333
196,S16,Root,Control,1,4,DIMBOA_Glc,0.217814815
197,S16,Root,Control,1,6,DIMBOA_Glc,0.115481481
198,S16,Root,Insect,1,1,DIMBOA_Glc,0.229481481
199,S16,Root,Insect,1,2,DIMBOA_Glc,0.270730769
200,S16,Root,Insect,1,3,DIMBOA_Glc,0.197384615
202,S16,Root,Insect,1,4,DIMBOA_Glc,0.288730769
201,S16,Root,Insect,1,5,DIMBOA_Glc,0.165259259
203,S16,Root,Insect,1,6,DIMBOA_Glc,0.1174
311,S7,Root,Control,1,1,DIMBOA_Glc,0.25644
312,S7,Root,Control,1,2,DIMBOA_Glc,0.17952
206,S7,Root,Control,1,3,DIMBOA_Glc,0.1798
207,S7,Root,Control,1,4,DIMBOA_Glc,0.24473913
208,S7,Root,Control,1,5,DIMBOA_Glc,0.250583333
209,S7,Root,Control,1,6,DIMBOA_Glc,0.209851852
210,S7,Root,Insect,1,1,DIMBOA_Glc,0.256961538
211,S7,Root,Insect,1,2,DIMBOA_Glc,0.225923077
212,S7,Root,Insect,1,3,DIMBOA_Glc,0.145576923
213,S7,Root,Insect,1,4,DIMBOA_Glc,0.349384615
214,S7,Root,Insect,1,5,DIMBOA_Glc,0.405307692
215,S7,Root,Insect,1,6,DIMBOA_Glc,0.312769231
216,S7,Root,Insect,1,7,DIMBOA_Glc,0.379423077
272,C10,Root,Control,1,10,DIMBOA_Glc,0.236076923
273,C10,Root,Control,1,2,DIMBOA_Glc,0.219384615
274,C10,Root,Control,1,3,DIMBOA_Glc,0.15912
275,C10,Root,Control,1,4,DIMBOA_Glc,0.19256
276,C10,Root,Control,1,5,DIMBOA_Glc,0.126
277,C10,Root,Control,1,6,DIMBOA_Glc,0.328583333
278,C10,Root,Insect,1,1,DIMBOA_Glc,0.31425
279,C10,Root,Insect,1,2,DIMBOA_Glc,0.1552
280,C10,Root,Insect,1,3,DIMBOA_Glc,0.33325
281,C10,Root,Insect,1,5,DIMBOA_Glc,0.143923077
282,C10,Root,Insect,1,4,DIMBOA_Glc,0.167192308
283,C10,Root,Insect,1,6,DIMBOA_Glc,0.180576923
284,C10,Root,Insect,1,7,DIMBOA_Glc,0.1538
285,C10,Root,Insect,1,8,DIMBOA_Glc,0.23688
286,C112,Root,Control,1,1,DIMBOA_Glc,0.1978
287,C112,Root,Control,1,2,DIMBOA_Glc,0.254222222
288,C112,Root,Control,1,3,DIMBOA_Glc,0.260038462
289,C112,Root,Control,1,4,DIMBOA_Glc,0.214666667
290,C112,Root,Control,1,5,DIMBOA_Glc,0.289962963
291,C112,Root,Control,1,6,DIMBOA_Glc,0.2734
292,C112,Root,Insect,1,1,DIMBOA_Glc,0.1184
293,C112,Root,Insect,1,2,DIMBOA_Glc,0.223307692
294,C112,Root,Insect,1,3,DIMBOA_Glc,0.246851852
295,C112,Root,Insect,1,4,DIMBOA_Glc,0.15008
296,C112,Root,Insect,1,5,DIMBOA_Glc,0.1894
297,C112,Root,Insect,1,6,DIMBOA_Glc,0.23125
298,C112,Root,Insect,1,7,DIMBOA_Glc,0.32524
299,S16,Root,Control,1,1,DIMBOA_Glc,0.338833333
300,S16,Root,Control,1,2,DIMBOA_Glc,0.309222222
301,S16,Root,Control,1,3,DIMBOA_Glc,0.184518519
302,S16,Root,Control,1,5,DIMBOA_Glc,0.324
303,S16,Root,Control,1,4,DIMBOA_Glc,0.245037037
304,S16,Root,Control,1,6,DIMBOA_Glc,0.247083333
305,S16,Root,Insect,1,1,DIMBOA_Glc,0.442407407
306,S16,Root,Insect,1,2,DIMBOA_Glc,0.331615385
307,S16,Root,Insect,1,3,DIMBOA_Glc,0.266740741
308,S16,Root,Insect,1,4,DIMBOA_Glc,0.343346154
309,S16,Root,Insect,1,5,DIMBOA_Glc,0.414222222
310,S16,Root,Insect,1,6,DIMBOA_Glc,0.383192308
204,S16,Root,Insect,1,7,DIMBOA_Glc,0.295791667
205,S16,Root,Insect,1,8,DIMBOA_Glc,0.25468
313,S7,Root,Control,1,1,DIMBOA_Glc,0.166807692
314,S7,Root,Control,1,2,DIMBOA_Glc,0.140185185
315,S7,Root,Control,1,3,DIMBOA_Glc,0.123296296
316,S7,Root,Control,1,4,DIMBOA_Glc,0.096814815
317,S7,Root,Control,1,5,DIMBOA_Glc,0.138592593
318,S7,Root,Control,1,6,DIMBOA_Glc,0.13308
319,S7,Root,Insect,1,1,DIMBOA_Glc,0.230423077
320,S7,Root,Insect,1,2,DIMBOA_Glc,0.171148148
321,S7,Root,Insect,1,3,DIMBOA_Glc,0.204961538
322,S7,Root,Insect,1,4,DIMBOA_Glc,0.244461538
323,S7,Root,Insect,1,5,DIMBOA_Glc,0.229208333
324,S7,Root,Insect,1,6,DIMBOA_Glc,0.251074074
325,S7,Root,Insect,1,7,DIMBOA_Glc,0.150125
326,S7,Root,Insect,1,8,DIMBOA_Glc,0.159777778
T1,C10,Leaf,Control,2,8,DIMBOA_Glc,0.127346154
T2,C10,Leaf,Control,2,9,DIMBOA_Glc,0.09588
T3,C10,Leaf,Control,2,10,DIMBOA_Glc,0.046
T4,C10,Leaf,Insect,2,9,DIMBOA_Glc,0.04825
T5,C10,Leaf,Insect,2,10,DIMBOA_Glc,0.054
T6,C10,Leaf,Insect,2,11,DIMBOA_Glc,0.018481481
1,C10,Leaf,Control,1,1,DIMBOA_Glc,0.123423077
2,C10,Leaf,Control,1,2,DIMBOA_Glc,0.07908
3,C10,Leaf,Control,1,3,DIMBOA_Glc,0.087461538
4,C10,Leaf,Control,1,4,DIMBOA_Glc,0.108125
5,C10,Leaf,Control,1,5,DIMBOA_Glc,0.099666667
6,C10,Leaf,Control,1,6,DIMBOA_Glc,0.10024
7,C10,Leaf,Insect,1,1,DIMBOA_Glc,0.052375
8,C10,Leaf,Insect,1,2,DIMBOA_Glc,0.06892
9,C10,Leaf,Insect,1,3,DIMBOA_Glc,0.06964
10,C10,Leaf,Insect,1,4,DIMBOA_Glc,0.05108
11,C10,Leaf,Insect,1,5,DIMBOA_Glc,0.080458333
12,C10,Leaf,Insect,1,6,DIMBOA_Glc,0.086461538
13,C10,Leaf,Insect,1,7,DIMBOA_Glc,0.109384615
14,C10,Leaf,Insect,1,8,DIMBOA_Glc,0.069076923
15,C112,Leaf,Control,1,1,DIMBOA_Glc,0.1642
16,C112,Leaf,Control,1,2,DIMBOA_Glc,0.166153846
17,C112,Leaf,Control,1,3,DIMBOA_Glc,0.152208333
18,C112,Leaf,Control,1,4,DIMBOA_Glc,0.144814815
19,C112,Leaf,Control,1,5,DIMBOA_Glc,0.120230769
20,C112,Leaf,Control,1,6,DIMBOA_Glc,0.15128
21,C112,Leaf,Insect,1,1,DIMBOA_Glc,0.130230769
22,C112,Leaf,Insect,1,2,DIMBOA_Glc,0.103296296
23,C112,Leaf,Insect,1,3,DIMBOA_Glc,0.102708333
24,C112,Leaf,Insect,1,4,DIMBOA_Glc,0.15164
25,C112,Leaf,Insect,1,5,DIMBOA_Glc,0.14096
26,C112,Leaf,Insect,1,6,DIMBOA_Glc,0.12124
27,C112,Leaf,Insect,1,7,DIMBOA_Glc,0.065730769
28,C112,Leaf,Insect,1,8,DIMBOA_Glc,0.110916667
29,S16,Leaf,Control,1,1,DIMBOA_Glc,0.163666667
30,S16,Leaf,Control,1,2,DIMBOA_Glc,0.100958333
31,S16,Leaf,Control,1,3,DIMBOA_Glc,0.099814815
32,S16,Leaf,Control,1,4,DIMBOA_Glc,0.13696
33,S16,Leaf,Control,1,5,DIMBOA_Glc,0.132458333
34,S16,Leaf,Control,1,6,DIMBOA_Glc,0.122
35,S16,Leaf,Insect,1,1,DIMBOA_Glc,0.273125
36,S16,Leaf,Insect,1,2,DIMBOA_Glc,0.230625
37,S16,Leaf,Insect,1,3,DIMBOA_Glc,0.21264
38,S16,Leaf,Insect,1,4,DIMBOA_Glc,0.0545
39,S16,Leaf,Insect,1,5,DIMBOA_Glc,0.199074074
40,S16,Leaf,Insect,1,6,DIMBOA_Glc,0.15425
41,S7,Leaf,Control,1,1,DIMBOA_Glc,0.154
42,S7,Leaf,Control,1,2,DIMBOA_Glc,0.128791667
43,S7,Leaf,Control,1,3,DIMBOA_Glc,0.122961538
44,S7,Leaf,Control,1,4,DIMBOA_Glc,0.150962963
45,S7,Leaf,Control,1,5,DIMBOA_Glc,0.13184
46,S7,Leaf,Control,1,6,DIMBOA_Glc,0.131730769
47,S7,Leaf,Insect,1,1,DIMBOA_Glc,0.19525
48,S7,Leaf,Insect,1,2,DIMBOA_Glc,0.12028
49,S7,Leaf,Insect,1,3,DIMBOA_Glc,0.076740741
50,S7,Leaf,Insect,1,4,DIMBOA_Glc,0.186730769
51,S7,Leaf,Insect,1,5,DIMBOA_Glc,0.12568
52,S7,Leaf,Insect,1,6,DIMBOA_Glc,0.0884
53,S7,Leaf,Insect,1,7,DIMBOA_Glc,0.065
54,C10,Leaf,Control,2,1,DIMBOA_Glc,0.086148148
55,C10,Leaf,Control,2,2,DIMBOA_Glc,0.08764
56,C10,Leaf,Control,2,3,DIMBOA_Glc,0.1066
57,C10,Leaf,Control,2,4,DIMBOA_Glc,0.079538462
58,C10,Leaf,Control,2,5,DIMBOA_Glc,0.099884615
59,C10,Leaf,Control,2,6,DIMBOA_Glc,0.093884615
60,C10,Leaf,Insect,2,1,DIMBOA_Glc,0.140111111
61,C10,Leaf,Insect,2,2,DIMBOA_Glc,0.093185185
62,C10,Leaf,Insect,2,3,DIMBOA_Glc,0.1355
63,C10,Leaf,Insect,2,4,DIMBOA_Glc,0.096083333
64,C10,Leaf,Insect,2,5,DIMBOA_Glc,0.10052
65,C10,Leaf,Insect,2,6,DIMBOA_Glc,0.0912
66,C10,Leaf,Insect,2,7,DIMBOA_Glc,0.103125
67,C10,Leaf,Insect,2,8,DIMBOA_Glc,0.110925926
68,C112,Leaf,Control,2,1,DIMBOA_Glc,0.147666667
69,C112,Leaf,Control,2,2,DIMBOA_Glc,0.129833333
70,C112,Leaf,Control,2,3,DIMBOA_Glc,0.102875
71,C112,Leaf,Control,2,4,DIMBOA_Glc,0.106730769
72,C112,Leaf,Control,2,5,DIMBOA_Glc,0.136458333
73,C112,Leaf,Control,2,6,DIMBOA_Glc,0.149148148
74,C112,Leaf,Insect,2,1,DIMBOA_Glc,0.124961538
75,C112,Leaf,Insect,2,2,DIMBOA_Glc,0.150730769
76,C112,Leaf,Insect,2,3,DIMBOA_Glc,0.13612
77,C112,Leaf,Insect,2,4,DIMBOA_Glc,0.117461538
78,C112,Leaf,Insect,2,5,DIMBOA_Glc,0.121115385
79,C112,Leaf,Insect,2,6,DIMBOA_Glc,0.170730769
80,C112,Leaf,Insect,2,7,DIMBOA_Glc,0.1014
81,S16,Leaf,Control,2,1,DIMBOA_Glc,0.119916667
82,S16,Leaf,Control,2,2,DIMBOA_Glc,0.084576923
83,S16,Leaf,Control,2,3,DIMBOA_Glc,0.090961538
84,S16,Leaf,Control,2,5,DIMBOA_Glc,0.084423077
85,S16,Leaf,Control,2,4,DIMBOA_Glc,0.10276
86,S16,Leaf,Control,2,6,DIMBOA_Glc,0.117923077
87,S16,Leaf,Insect,2,1,DIMBOA_Glc,0.094307692
88,S16,Leaf,Insect,2,2,DIMBOA_Glc,0.138923077
89,S16,Leaf,Insect,2,3,DIMBOA_Glc,0.181884615
90,S16,Leaf,Insect,2,4,DIMBOA_Glc,0.094538462
91,S16,Leaf,Insect,2,5,DIMBOA_Glc,0.126307692
92,S16,Leaf,Insect,2,6,DIMBOA_Glc,0.13744
93,S16,Leaf,Insect,2,7,DIMBOA_Glc,0.153291667
94,S16,Leaf,Insect,2,8,DIMBOA_Glc,NA
95,S7,Leaf,Control,2,1,DIMBOA_Glc,0.121846154
96,S7,Leaf,Control,2,2,DIMBOA_Glc,0.074038462
97,S7,Leaf,Control,2,3,DIMBOA_Glc,0.073518519
98,S7,Leaf,Control,2,4,DIMBOA_Glc,0.062416667
99,S7,Leaf,Control,2,5,DIMBOA_Glc,0.113166667
100,S7,Leaf,Control,2,6,DIMBOA_Glc,0.05868
101,S7,Leaf,Insect,2,1,DIMBOA_Glc,0.124269231
102,S7,Leaf,Insect,2,2,DIMBOA_Glc,0.102538462
103,S7,Leaf,Insect,2,3,DIMBOA_Glc,0.097583333
104,S7,Leaf,Insect,2,4,DIMBOA_Glc,0.11236
105,S7,Leaf,Insect,2,5,DIMBOA_Glc,0.11364
106,S7,Leaf,Insect,2,6,DIMBOA_Glc,0.061692308
107,S7,Leaf,Insect,2,7,DIMBOA_Glc,0.089222222
108,S7,Leaf,Insect,2,8,DIMBOA_Glc,0.06556
327,C112,Leaf,Insect,2,8,DIMBOA_Glc,0.148666667
T7,C10,Root,Control,2,8,HBOA_Glc,6.80E-04
T8,C10,Root,Control,2,9,HBOA_Glc,8.80E-04
T9,C10,Root,Control,2,10,HBOA_Glc,7.31E-04
T10,C10,Root,Insect,2,9,HBOA_Glc,0.001565217
T11,C10,Root,Insect,2,10,HBOA_Glc,0.001307692
T12,C10,Root,Insect,2,11,HBOA_Glc,0.00108
164,C10,Root,Control,1,1,HBOA_Glc,1.00E-05
165,C10,Root,Control,1,2,HBOA_Glc,1.00E-05
166,C10,Root,Control,1,3,HBOA_Glc,1.00E-05
167,C10,Root,Control,1,4,HBOA_Glc,1.00E-05
168,C10,Root,Control,1,5,HBOA_Glc,1.00E-05
169,C10,Root,Control,1,6,HBOA_Glc,1.00E-05
170,C10,Root,Insect,1,1,HBOA_Glc,1.00E-05
171,C10,Root,Insect,1,2,HBOA_Glc,1.00E-05
172,C10,Root,Insect,1,3,HBOA_Glc,1.00E-05
173,C10,Root,Insect,1,4,HBOA_Glc,1.00E-05
174,C10,Root,Insect,1,5,HBOA_Glc,1.00E-05
175,C10,Root,Insect,1,6,HBOA_Glc,1.00E-05
176,C10,Root,Insect,1,7,HBOA_Glc,1.00E-05
177,C10,Root,Insect,1,8,HBOA_Glc,1.00E-05
178,C112,Root,Control,1,1,HBOA_Glc,1.00E-05
179,C112,Root,Control,1,2,HBOA_Glc,1.00E-05
180,C112,Root,Control,1,3,HBOA_Glc,1.00E-05
181,C112,Root,Control,1,4,HBOA_Glc,1.00E-05
182,C112,Root,Control,1,5,HBOA_Glc,1.00E-05
183,C112,Root,Control,1,6,HBOA_Glc,1.00E-05
184,C112,Root,Insect,1,1,HBOA_Glc,1.00E-05
185,C112,Root,Insect,1,2,HBOA_Glc,1.00E-05
186,C112,Root,Insect,1,3,HBOA_Glc,1.00E-05
187,C112,Root,Insect,1,4,HBOA_Glc,1.00E-05
188,C112,Root,Insect,1,5,HBOA_Glc,1.00E-05
189,C112,Root,Insect,1,6,HBOA_Glc,1.00E-05
190,C112,Root,Insect,1,7,HBOA_Glc,1.00E-05
191,C112,Root,Insect,1,8,HBOA_Glc,1.00E-05
192,S16,Root,Control,1,1,HBOA_Glc,1.00E-05
193,S16,Root,Control,1,2,HBOA_Glc,1.00E-05
194,S16,Root,Control,1,3,HBOA_Glc,1.00E-05
195,S16,Root,Control,1,5,HBOA_Glc,1.00E-05
196,S16,Root,Control,1,4,HBOA_Glc,1.00E-05
197,S16,Root,Control,1,6,HBOA_Glc,1.00E-05
311,S7,Root,Control,1,1,HBOA_Glc,1.00E-05
312,S7,Root,Control,1,2,HBOA_Glc,1.00E-05
206,S7,Root,Control,1,3,HBOA_Glc,1.00E-05
207,S7,Root,Control,1,4,HBOA_Glc,1.00E-05
208,S7,Root,Control,1,5,HBOA_Glc,1.00E-05
209,S7,Root,Control,1,6,HBOA_Glc,1.00E-05
210,S7,Root,Insect,1,1,HBOA_Glc,1.00E-05
211,S7,Root,Insect,1,2,HBOA_Glc,1.00E-05
212,S7,Root,Insect,1,3,HBOA_Glc,1.00E-05
213,S7,Root,Insect,1,4,HBOA_Glc,7.31E-04
214,S7,Root,Insect,1,5,HBOA_Glc,1.00E-05
215,S7,Root,Insect,1,6,HBOA_Glc,1.00E-05
216,S7,Root,Insect,1,7,HBOA_Glc,1.00E-05
217,C10,Root,Control,2,1,HBOA_Glc,1.00E-05
218,C10,Root,Control,2,2,HBOA_Glc,1.00E-05
219,C10,Root,Control,2,3,HBOA_Glc,1.00E-05
220,C10,Root,Control,2,4,HBOA_Glc,1.00E-05
221,C10,Root,Control,2,5,HBOA_Glc,1.00E-05
222,C10,Root,Control,2,6,HBOA_Glc,1.00E-05
223,C10,Root,Insect,2,1,HBOA_Glc,1.00E-05
224,C10,Root,Insect,2,2,HBOA_Glc,1.00E-05
225,C10,Root,Insect,2,3,HBOA_Glc,1.00E-05
226,C10,Root,Insect,2,4,HBOA_Glc,1.00E-05
227,C10,Root,Insect,2,5,HBOA_Glc,1.00E-05
228,C10,Root,Insect,2,6,HBOA_Glc,1.00E-05
229,C10,Root,Insect,2,7,HBOA_Glc,1.00E-05
230,C10,Root,Insect,2,8,HBOA_Glc,1.00E-05
231,C112,Root,Control,2,1,HBOA_Glc,1.00E-05
232,C112,Root,Control,2,2,HBOA_Glc,1.00E-05
233,C112,Root,Control,2,4,HBOA_Glc,1.00E-05
234,C112,Root,Control,2,3,HBOA_Glc,1.00E-05
235,C112,Root,Control,2,5,HBOA_Glc,1.00E-05
236,C112,Root,Control,2,6,HBOA_Glc,1.00E-05
237,C112,Root,Insect,2,1,HBOA_Glc,1.00E-05
238,C112,Root,Insect,2,2,HBOA_Glc,1.00E-05
239,C112,Root,Insect,2,3,HBOA_Glc,1.00E-05
240,C112,Root,Insect,2,4,HBOA_Glc,1.00E-05
241,C112,Root,Insect,2,5,HBOA_Glc,1.00E-05
242,C112,Root,Insect,2,6,HBOA_Glc,1.00E-05
243,C112,Root,Insect,2,7,HBOA_Glc,1.00E-05
244,S16,Root,Control,2,1,HBOA_Glc,1.00E-05
245,S16,Root,Control,2,2,HBOA_Glc,1.00E-05
246,S16,Root,Control,2,3,HBOA_Glc,1.00E-05
247,S16,Root,Control,2,4,HBOA_Glc,1.00E-05
248,S16,Root,Control,2,5,HBOA_Glc,1.00E-05
249,S16,Root,Control,2,6,HBOA_Glc,1.00E-05
250,S16,Root,Insect,2,1,HBOA_Glc,1.00E-05
251,S16,Root,Insect,2,2,HBOA_Glc,1.00E-05
252,S16,Root,Insect,2,3,HBOA_Glc,1.00E-05
253,S16,Root,Insect,2,4,HBOA_Glc,1.00E-05
254,S16,Root,Insect,2,5,HBOA_Glc,1.00E-05
255,S16,Root,Insect,2,6,HBOA_Glc,1.00E-05
256,S16,Root,Insect,2,7,HBOA_Glc,1.00E-05
257,S16,Root,Insect,2,8,HBOA_Glc,NA
258,S7,Root,Control,2,1,HBOA_Glc,0.001038462
259,S7,Root,Control,2,2,HBOA_Glc,1.00E-05
260,S7,Root,Control,2,3,HBOA_Glc,8.85E-04
261,S7,Root,Control,2,4,HBOA_Glc,1.00E-05
262,S7,Root,Control,2,5,HBOA_Glc,1.00E-05
263,S7,Root,Control,2,6,HBOA_Glc,1.00E-05
264,S7,Root,Insect,2,1,HBOA_Glc,1.00E-05
265,S7,Root,Insect,2,2,HBOA_Glc,1.00E-05
266,S7,Root,Insect,2,3,HBOA_Glc,1.00E-05
267,S7,Root,Insect,2,4,HBOA_Glc,1.00E-05
268,S7,Root,Insect,2,5,HBOA_Glc,1.00E-05
269,S7,Root,Insect,2,6,HBOA_Glc,1.00E-05
270,S7,Root,Insect,2,7,HBOA_Glc,NA
271,S7,Root,Insect,2,8,HBOA_Glc,1.00E-05
306,S16,Root,Insect,1,2,HBOA_Glc,0.001038462
307,S16,Root,Insect,1,3,HBOA_Glc,0.001111111
308,S16,Root,Insect,1,4,HBOA_Glc,NA
309,S16,Root,Insect,1,5,HBOA_Glc,0.002518519
310,S16,Root,Insect,1,6,HBOA_Glc,1.00E-05
204,S16,Root,Insect,1,7,HBOA_Glc,1.00E-05
205,S16,Root,Insect,1,8,HBOA_Glc,1.00E-05
328,C112,Root,Insect,2,8,HBOA_Glc,1.00E-05
T1,C10,Leaf,Control,2,8,HBOA_Glc,0.006230769
T2,C10,Leaf,Control,2,9,HBOA_Glc,0.00432
T3,C10,Leaf,Control,2,10,HBOA_Glc,0.00408
T4,C10,Leaf,Insect,2,9,HBOA_Glc,0.006083333
T5,C10,Leaf,Insect,2,10,HBOA_Glc,0.00772
T6,C10,Leaf,Insect,2,11,HBOA_Glc,0.00662963
1,C10,Leaf,Control,1,1,HBOA_Glc,0.004153846
2,C10,Leaf,Control,1,2,HBOA_Glc,0.00336
3,C10,Leaf,Control,1,3,HBOA_Glc,0.002807692
4,C10,Leaf,Control,1,4,HBOA_Glc,0.003625
5,C10,Leaf,Control,1,5,HBOA_Glc,0.005541667
6,C10,Leaf,Control,1,6,HBOA_Glc,0.00824
7,C10,Leaf,Insect,1,1,HBOA_Glc,0.005041667
8,C10,Leaf,Insect,1,2,HBOA_Glc,0.00748
9,C10,Leaf,Insect,1,3,HBOA_Glc,0.00772
10,C10,Leaf,Insect,1,4,HBOA_Glc,0.00644
11,C10,Leaf,Insect,1,5,HBOA_Glc,0.009083333
12,C10,Leaf,Insect,1,6,HBOA_Glc,0.007692308
13,C10,Leaf,Insect,1,7,HBOA_Glc,0.005115385
14,C10,Leaf,Insect,1,8,HBOA_Glc,0.005038462
15,C112,Leaf,Control,1,1,HBOA_Glc,0.0066
16,C112,Leaf,Control,1,2,HBOA_Glc,0.006615385
17,C112,Leaf,Control,1,3,HBOA_Glc,0.005916667
18,C112,Leaf,Control,1,4,HBOA_Glc,0.005925926
19,C112,Leaf,Control,1,5,HBOA_Glc,0.003807692
20,C112,Leaf,Control,1,6,HBOA_Glc,0.00616
21,C112,Leaf,Insect,1,1,HBOA_Glc,0.01
22,C112,Leaf,Insect,1,2,HBOA_Glc,0.005148148
23,C112,Leaf,Insect,1,3,HBOA_Glc,0.010291667
24,C112,Leaf,Insect,1,4,HBOA_Glc,0.00988
25,C112,Leaf,Insect,1,5,HBOA_Glc,0.01268
26,C112,Leaf,Insect,1,6,HBOA_Glc,0.00876
27,C112,Leaf,Insect,1,7,HBOA_Glc,0.006230769
28,C112,Leaf,Insect,1,8,HBOA_Glc,0.00675
29,S16,Leaf,Control,1,1,HBOA_Glc,0.007296296
30,S16,Leaf,Control,1,2,HBOA_Glc,0.006125
31,S16,Leaf,Control,1,3,HBOA_Glc,0.006925926
32,S16,Leaf,Control,1,4,HBOA_Glc,0.01124
33,S16,Leaf,Control,1,5,HBOA_Glc,0.0085
34,S16,Leaf,Control,1,6,HBOA_Glc,0.00576
35,S16,Leaf,Insect,1,1,HBOA_Glc,0.014791667
36,S16,Leaf,Insect,1,2,HBOA_Glc,0.008333333
37,S16,Leaf,Insect,1,3,HBOA_Glc,0.01484
38,S16,Leaf,Insect,1,4,HBOA_Glc,8.75E-04
39,S16,Leaf,Insect,1,5,HBOA_Glc,0.014925926
40,S16,Leaf,Insect,1,6,HBOA_Glc,0.013375
41,S7,Leaf,Control,1,1,HBOA_Glc,0.0044
42,S7,Leaf,Control,1,2,HBOA_Glc,0.006041667
43,S7,Leaf,Control,1,3,HBOA_Glc,0.003076923
44,S7,Leaf,Control,1,4,HBOA_Glc,0.007555556
45,S7,Leaf,Control,1,5,HBOA_Glc,0.00296
46,S7,Leaf,Control,1,6,HBOA_Glc,0.005846154
47,S7,Leaf,Insect,1,1,HBOA_Glc,0.011791667
48,S7,Leaf,Insect,1,2,HBOA_Glc,0.00852
49,S7,Leaf,Insect,1,3,HBOA_Glc,0.002407407
50,S7,Leaf,Insect,1,4,HBOA_Glc,0.011730769
51,S7,Leaf,Insect,1,5,HBOA_Glc,0.00836
52,S7,Leaf,Insect,1,6,HBOA_Glc,0.00372
53,S7,Leaf,Insect,1,7,HBOA_Glc,0.0028
54,C10,Leaf,Control,2,1,HBOA_Glc,0.004444444
55,C10,Leaf,Control,2,2,HBOA_Glc,0.0026
56,C10,Leaf,Control,2,3,HBOA_Glc,0.00572
57,C10,Leaf,Control,2,4,HBOA_Glc,0.004538462
58,C10,Leaf,Control,2,5,HBOA_Glc,0.004192308
59,C10,Leaf,Control,2,6,HBOA_Glc,0.0035
60,C10,Leaf,Insect,2,1,HBOA_Glc,0.008
61,C10,Leaf,Insect,2,2,HBOA_Glc,0.008222222
62,C10,Leaf,Insect,2,3,HBOA_Glc,0.008583333
63,C10,Leaf,Insect,2,4,HBOA_Glc,0.003583333
64,C10,Leaf,Insect,2,5,HBOA_Glc,0.00728
65,C10,Leaf,Insect,2,6,HBOA_Glc,0.00396
66,C10,Leaf,Insect,2,7,HBOA_Glc,0.006125
67,C10,Leaf,Insect,2,8,HBOA_Glc,0.006185185
68,C112,Leaf,Control,2,1,HBOA_Glc,0.007791667
69,C112,Leaf,Control,2,2,HBOA_Glc,0.008666667
70,C112,Leaf,Control,2,3,HBOA_Glc,0.002458333
71,C112,Leaf,Control,2,4,HBOA_Glc,0.002269231
72,C112,Leaf,Control,2,5,HBOA_Glc,0.003958333
73,C112,Leaf,Control,2,6,HBOA_Glc,0.00562963
74,C112,Leaf,Insect,2,1,HBOA_Glc,0.008538462
75,C112,Leaf,Insect,2,2,HBOA_Glc,0.011576923
76,C112,Leaf,Insect,2,3,HBOA_Glc,0.00644
77,C112,Leaf,Insect,2,4,HBOA_Glc,0.008730769
78,C112,Leaf,Insect,2,5,HBOA_Glc,0.008884615
79,C112,Leaf,Insect,2,6,HBOA_Glc,0.010615385
80,C112,Leaf,Insect,2,7,HBOA_Glc,0.00568
81,S16,Leaf,Control,2,1,HBOA_Glc,0.003708333
82,S16,Leaf,Control,2,2,HBOA_Glc,0.003538462
83,S16,Leaf,Control,2,3,HBOA_Glc,0.003769231
84,S16,Leaf,Control,2,5,HBOA_Glc,0.001615385
85,S16,Leaf,Control,2,4,HBOA_Glc,0.00388
86,S16,Leaf,Control,2,6,HBOA_Glc,0.006
87,S16,Leaf,Insect,2,1,HBOA_Glc,0.004115385
88,S16,Leaf,Insect,2,2,HBOA_Glc,0.008846154
89,S16,Leaf,Insect,2,3,HBOA_Glc,0.007576923
90,S16,Leaf,Insect,2,4,HBOA_Glc,0.002153846
91,S16,Leaf,Insect,2,5,HBOA_Glc,0.008346154
92,S16,Leaf,Insect,2,6,HBOA_Glc,0.00488
93,S16,Leaf,Insect,2,7,HBOA_Glc,0.006375
94,S16,Leaf,Insect,2,8,HBOA_Glc,NA
95,S7,Leaf,Control,2,1,HBOA_Glc,0.004230769
96,S7,Leaf,Control,2,2,HBOA_Glc,0.002653846
97,S7,Leaf,Control,2,3,HBOA_Glc,0.004814815
98,S7,Leaf,Control,2,4,HBOA_Glc,8.33E-05
99,S7,Leaf,Control,2,5,HBOA_Glc,0.003916667
100,S7,Leaf,Control,2,6,HBOA_Glc,0.00212
101,S7,Leaf,Insect,2,1,HBOA_Glc,0.005153846
102,S7,Leaf,Insect,2,2,HBOA_Glc,0.002730769
103,S7,Leaf,Insect,2,3,HBOA_Glc,0.005166667
104,S7,Leaf,Insect,2,4,HBOA_Glc,0.004
105,S7,Leaf,Insect,2,5,HBOA_Glc,0.0024
106,S7,Leaf,Insect,2,6,HBOA_Glc,0.001884615
107,S7,Leaf,Insect,2,7,HBOA_Glc,0.00337037
108,S7,Leaf,Insect,2,8,HBOA_Glc,8.00E-04
327,C112,Leaf,Insect,2,8,HBOA_Glc,0.010555556
T7,C10,Root,Control,2,8,HDMBOA_Glc,0.0488
T8,C10,Root,Control,2,9,HDMBOA_Glc,0.06924
T9,C10,Root,Control,2,10,HDMBOA_Glc,0.050269231
T10,C10,Root,Insect,2,9,HDMBOA_Glc,0.068391304
T11,C10,Root,Insect,2,10,HDMBOA_Glc,0.064846154
T12,C10,Root,Insect,2,11,HDMBOA_Glc,0.04628
164,C10,Root,Control,1,1,HDMBOA_Glc,0.04812
165,C10,Root,Control,1,2,HDMBOA_Glc,0.042807692
166,C10,Root,Control,1,3,HDMBOA_Glc,0.04012
167,C10,Root,Control,1,4,HDMBOA_Glc,0.0336
168,C10,Root,Control,1,5,HDMBOA_Glc,0.037038462
169,C10,Root,Control,1,6,HDMBOA_Glc,0.029777778
170,C10,Root,Insect,1,1,HDMBOA_Glc,0.065576923
171,C10,Root,Insect,1,2,HDMBOA_Glc,0.08576
172,C10,Root,Insect,1,3,HDMBOA_Glc,0.066148148
173,C10,Root,Insect,1,4,HDMBOA_Glc,0.0618
174,C10,Root,Insect,1,5,HDMBOA_Glc,0.046583333
175,C10,Root,Insect,1,6,HDMBOA_Glc,0.060777778
176,C10,Root,Insect,1,7,HDMBOA_Glc,0.042888889
177,C10,Root,Insect,1,8,HDMBOA_Glc,0.0472
178,C112,Root,Control,1,1,HDMBOA_Glc,0.055375
179,C112,Root,Control,1,2,HDMBOA_Glc,0.05237037
180,C112,Root,Control,1,3,HDMBOA_Glc,0.06576
181,C112,Root,Control,1,4,HDMBOA_Glc,0.0356
182,C112,Root,Control,1,5,HDMBOA_Glc,0.03656
183,C112,Root,Control,1,6,HDMBOA_Glc,0.07372
184,C112,Root,Insect,1,1,HDMBOA_Glc,0.0634
185,C112,Root,Insect,1,2,HDMBOA_Glc,0.046666667
186,C112,Root,Insect,1,3,HDMBOA_Glc,0.08348
187,C112,Root,Insect,1,4,HDMBOA_Glc,0.07064
188,C112,Root,Insect,1,5,HDMBOA_Glc,0.095769231
189,C112,Root,Insect,1,6,HDMBOA_Glc,0.080730769
190,C112,Root,Insect,1,7,HDMBOA_Glc,0.062692308
191,C112,Root,Insect,1,8,HDMBOA_Glc,0.056807692
192,S16,Root,Control,1,1,HDMBOA_Glc,0.083038462
193,S16,Root,Control,1,2,HDMBOA_Glc,0.076
194,S16,Root,Control,1,3,HDMBOA_Glc,0.04576
195,S16,Root,Control,1,5,HDMBOA_Glc,0.058541667
196,S16,Root,Control,1,4,HDMBOA_Glc,0.058111111
197,S16,Root,Control,1,6,HDMBOA_Glc,0.031148148
311,S7,Root,Control,1,1,HDMBOA_Glc,0.07352
312,S7,Root,Control,1,2,HDMBOA_Glc,0.04792
206,S7,Root,Control,1,3,HDMBOA_Glc,0.04984
207,S7,Root,Control,1,4,HDMBOA_Glc,0.089826087
208,S7,Root,Control,1,5,HDMBOA_Glc,0.087041667
209,S7,Root,Control,1,6,HDMBOA_Glc,0.06437037
210,S7,Root,Insect,1,1,HDMBOA_Glc,0.0615
211,S7,Root,Insect,1,2,HDMBOA_Glc,0.068961538
212,S7,Root,Insect,1,3,HDMBOA_Glc,0.031346154
213,S7,Root,Insect,1,4,HDMBOA_Glc,0.084884615
214,S7,Root,Insect,1,5,HDMBOA_Glc,0.124730769
215,S7,Root,Insect,1,6,HDMBOA_Glc,0.068884615
216,S7,Root,Insect,1,7,HDMBOA_Glc,0.071153846
217,C10,Root,Control,2,1,HDMBOA_Glc,0.072
218,C10,Root,Control,2,2,HDMBOA_Glc,0.055833333
219,C10,Root,Control,2,3,HDMBOA_Glc,0.058166667
220,C10,Root,Control,2,4,HDMBOA_Glc,0.059416667
221,C10,Root,Control,2,5,HDMBOA_Glc,0.06108
222,C10,Root,Control,2,6,HDMBOA_Glc,0.06537037
223,C10,Root,Insect,2,1,HDMBOA_Glc,0.133185185
224,C10,Root,Insect,2,2,HDMBOA_Glc,0.079423077
225,C10,Root,Insect,2,3,HDMBOA_Glc,0.0340625
226,C10,Root,Insect,2,4,HDMBOA_Glc,0.0495
227,C10,Root,Insect,2,5,HDMBOA_Glc,0.07072
228,C10,Root,Insect,2,6,HDMBOA_Glc,0.043
229,C10,Root,Insect,2,7,HDMBOA_Glc,0.053875
230,C10,Root,Insect,2,8,HDMBOA_Glc,0.069666667
231,C112,Root,Control,2,1,HDMBOA_Glc,0.040153846
232,C112,Root,Control,2,2,HDMBOA_Glc,0.067259259
233,C112,Root,Control,2,4,HDMBOA_Glc,0.04896
234,C112,Root,Control,2,3,HDMBOA_Glc,0.05132
235,C112,Root,Control,2,5,HDMBOA_Glc,0.08076
236,C112,Root,Control,2,6,HDMBOA_Glc,0.042923077
237,C112,Root,Insect,2,1,HDMBOA_Glc,0.04976
238,C112,Root,Insect,2,2,HDMBOA_Glc,0.04037037
239,C112,Root,Insect,2,3,HDMBOA_Glc,0.098192308
240,C112,Root,Insect,2,4,HDMBOA_Glc,0.074111111
241,C112,Root,Insect,2,5,HDMBOA_Glc,0.06062963
242,C112,Root,Insect,2,6,HDMBOA_Glc,0.051615385
243,C112,Root,Insect,2,7,HDMBOA_Glc,0.07525
244,S16,Root,Control,2,1,HDMBOA_Glc,0.075518519
245,S16,Root,Control,2,2,HDMBOA_Glc,0.038692308
246,S16,Root,Control,2,3,HDMBOA_Glc,0.03888
247,S16,Root,Control,2,4,HDMBOA_Glc,0.035923077
248,S16,Root,Control,2,5,HDMBOA_Glc,0.066851852
249,S16,Root,Control,2,6,HDMBOA_Glc,0.09076
250,S16,Root,Insect,2,1,HDMBOA_Glc,0.055
251,S16,Root,Insect,2,2,HDMBOA_Glc,0.08044
252,S16,Root,Insect,2,3,HDMBOA_Glc,0.061576923
253,S16,Root,Insect,2,4,HDMBOA_Glc,0.079384615
254,S16,Root,Insect,2,5,HDMBOA_Glc,0.085923077
255,S16,Root,Insect,2,6,HDMBOA_Glc,0.051185185
256,S16,Root,Insect,2,7,HDMBOA_Glc,0.060555556
257,S16,Root,Insect,2,8,HDMBOA_Glc,NA
258,S7,Root,Control,2,1,HDMBOA_Glc,0.081923077
259,S7,Root,Control,2,2,HDMBOA_Glc,0.06588
260,S7,Root,Control,2,3,HDMBOA_Glc,0.026615385
261,S7,Root,Control,2,4,HDMBOA_Glc,0.042346154
262,S7,Root,Control,2,5,HDMBOA_Glc,0.060833333
263,S7,Root,Control,2,6,HDMBOA_Glc,0.0556
264,S7,Root,Insect,2,1,HDMBOA_Glc,0.058384615
265,S7,Root,Insect,2,2,HDMBOA_Glc,0.064166667
266,S7,Root,Insect,2,3,HDMBOA_Glc,0.0725
267,S7,Root,Insect,2,4,HDMBOA_Glc,0.079541667
268,S7,Root,Insect,2,5,HDMBOA_Glc,0.0624
269,S7,Root,Insect,2,6,HDMBOA_Glc,0.046615385
270,S7,Root,Insect,2,7,HDMBOA_Glc,NA
271,S7,Root,Insect,2,8,HDMBOA_Glc,0.07984
306,S16,Root,Insect,1,2,HDMBOA_Glc,0.099884615
307,S16,Root,Insect,1,3,HDMBOA_Glc,0.095037037
308,S16,Root,Insect,1,4,HDMBOA_Glc,0.096153846
309,S16,Root,Insect,1,5,HDMBOA_Glc,0.093925926
310,S16,Root,Insect,1,6,HDMBOA_Glc,0.115
204,S16,Root,Insect,1,7,HDMBOA_Glc,0.119916667
205,S16,Root,Insect,1,8,HDMBOA_Glc,0.0818
328,C112,Root,Insect,2,8,HDMBOA_Glc,0.067037037
T1,C10,Leaf,Control,2,8,HDMBOA_Glc,0.147769231
T2,C10,Leaf,Control,2,9,HDMBOA_Glc,0.10932
T3,C10,Leaf,Control,2,10,HDMBOA_Glc,0.14236
T4,C10,Leaf,Insect,2,9,HDMBOA_Glc,0.085583333
T5,C10,Leaf,Insect,2,10,HDMBOA_Glc,0.19
T6,C10,Leaf,Insect,2,11,HDMBOA_Glc,0.080555556
T13,S16,Leaf,Control,1,8,HDMBOA_Glc,0.30808
T14,S16,Leaf,Control,1,9,HDMBOA_Glc,0.191
T15,S16,Leaf,Control,1,10,HDMBOA_Glc,0.224884615
T16,S16,Leaf,Insect,1,9,HDMBOA_Glc,0.32732
T17,S16,Leaf,Insect,1,10,HDMBOA_Glc,0.274478261
T18,S16,Leaf,Insect,1,11,HDMBOA_Glc,0.254576923
1,C10,Leaf,Control,1,1,HDMBOA_Glc,0.090461538
2,C10,Leaf,Control,1,2,HDMBOA_Glc,0.15172
3,C10,Leaf,Control,1,3,HDMBOA_Glc,0.091615385
4,C10,Leaf,Control,1,4,HDMBOA_Glc,0.099875
5,C10,Leaf,Control,1,5,HDMBOA_Glc,0.211625
6,C10,Leaf,Control,1,6,HDMBOA_Glc,0.12136
7,C10,Leaf,Insect,1,1,HDMBOA_Glc,0.090041667
8,C10,Leaf,Insect,1,2,HDMBOA_Glc,0.08712
9,C10,Leaf,Insect,1,3,HDMBOA_Glc,0.10856
10,C10,Leaf,Insect,1,4,HDMBOA_Glc,0.09788
11,C10,Leaf,Insect,1,5,HDMBOA_Glc,0.111875
12,C10,Leaf,Insect,1,6,HDMBOA_Glc,0.082769231
13,C10,Leaf,Insect,1,7,HDMBOA_Glc,0.073692308
14,C10,Leaf,Insect,1,8,HDMBOA_Glc,0.069307692
15,C112,Leaf,Control,1,1,HDMBOA_Glc,0.25256
16,C112,Leaf,Control,1,2,HDMBOA_Glc,0.259153846
17,C112,Leaf,Control,1,3,HDMBOA_Glc,0.175083333
18,C112,Leaf,Control,1,4,HDMBOA_Glc,0.218074074
19,C112,Leaf,Control,1,5,HDMBOA_Glc,0.114538462
20,C112,Leaf,Control,1,6,HDMBOA_Glc,0.18036
21,C112,Leaf,Insect,1,1,HDMBOA_Glc,0.189461538
22,C112,Leaf,Insect,1,2,HDMBOA_Glc,0.088111111
23,C112,Leaf,Insect,1,3,HDMBOA_Glc,0.137958333
24,C112,Leaf,Insect,1,4,HDMBOA_Glc,0.19948
25,C112,Leaf,Insect,1,5,HDMBOA_Glc,0.19336
26,C112,Leaf,Insect,1,6,HDMBOA_Glc,0.22288
27,C112,Leaf,Insect,1,7,HDMBOA_Glc,0.050730769
28,C112,Leaf,Insect,1,8,HDMBOA_Glc,0.142
29,S16,Leaf,Control,1,1,HDMBOA_Glc,0.292592593
30,S16,Leaf,Control,1,2,HDMBOA_Glc,0.141208333
31,S16,Leaf,Control,1,3,HDMBOA_Glc,0.186333333
32,S16,Leaf,Control,1,4,HDMBOA_Glc,0.3086
33,S16,Leaf,Control,1,5,HDMBOA_Glc,0.303708333
34,S16,Leaf,Control,1,6,HDMBOA_Glc,0.19064
35,S16,Leaf,Insect,1,1,HDMBOA_Glc,0.309125
36,S16,Leaf,Insect,1,2,HDMBOA_Glc,0.223916667
37,S16,Leaf,Insect,1,3,HDMBOA_Glc,0.45772
38,S16,Leaf,Insect,1,4,HDMBOA_Glc,0.094041667
39,S16,Leaf,Insect,1,5,HDMBOA_Glc,0.320925926
40,S16,Leaf,Insect,1,6,HDMBOA_Glc,0.311083333
41,S7,Leaf,Control,1,1,HDMBOA_Glc,0.14608
42,S7,Leaf,Control,1,2,HDMBOA_Glc,0.16025
43,S7,Leaf,Control,1,3,HDMBOA_Glc,0.130730769
44,S7,Leaf,Control,1,4,HDMBOA_Glc,0.269148148
45,S7,Leaf,Control,1,5,HDMBOA_Glc,0.08948
46,S7,Leaf,Control,1,6,HDMBOA_Glc,0.234153846
47,S7,Leaf,Insect,1,1,HDMBOA_Glc,0.199375
48,S7,Leaf,Insect,1,2,HDMBOA_Glc,0.24808
49,S7,Leaf,Insect,1,3,HDMBOA_Glc,0.186222222
50,S7,Leaf,Insect,1,4,HDMBOA_Glc,0.162846154
51,S7,Leaf,Insect,1,5,HDMBOA_Glc,0.28676
52,S7,Leaf,Insect,1,6,HDMBOA_Glc,0.19216
53,S7,Leaf,Insect,1,7,HDMBOA_Glc,0.10676
54,C10,Leaf,Control,2,1,HDMBOA_Glc,0.129592593
55,C10,Leaf,Control,2,2,HDMBOA_Glc,0.10024
56,C10,Leaf,Control,2,3,HDMBOA_Glc,0.16956
57,C10,Leaf,Control,2,4,HDMBOA_Glc,0.213307692
58,C10,Leaf,Control,2,5,HDMBOA_Glc,0.147461538
59,C10,Leaf,Control,2,6,HDMBOA_Glc,0.169
60,C10,Leaf,Insect,2,1,HDMBOA_Glc,0.165444444
61,C10,Leaf,Insect,2,2,HDMBOA_Glc,0.320296296
62,C10,Leaf,Insect,2,3,HDMBOA_Glc,0.186458333
63,C10,Leaf,Insect,2,4,HDMBOA_Glc,0.1285
64,C10,Leaf,Insect,2,5,HDMBOA_Glc,0.2572
65,C10,Leaf,Insect,2,6,HDMBOA_Glc,0.1312
66,C10,Leaf,Insect,2,7,HDMBOA_Glc,0.191625
67,C10,Leaf,Insect,2,8,HDMBOA_Glc,0.105814815
68,C112,Leaf,Control,2,1,HDMBOA_Glc,0.2075
69,C112,Leaf,Control,2,2,HDMBOA_Glc,0.388916667
70,C112,Leaf,Control,2,3,HDMBOA_Glc,0.191125
71,C112,Leaf,Control,2,4,HDMBOA_Glc,0.136576923
72,C112,Leaf,Control,2,5,HDMBOA_Glc,0.193958333
73,C112,Leaf,Control,2,6,HDMBOA_Glc,0.199851852
74,C112,Leaf,Insect,2,1,HDMBOA_Glc,0.156076923
75,C112,Leaf,Insect,2,2,HDMBOA_Glc,0.228692308
76,C112,Leaf,Insect,2,3,HDMBOA_Glc,0.30284
77,C112,Leaf,Insect,2,4,HDMBOA_Glc,0.353423077
78,C112,Leaf,Insect,2,5,HDMBOA_Glc,0.326884615
79,C112,Leaf,Insect,2,6,HDMBOA_Glc,0.2245
80,C112,Leaf,Insect,2,7,HDMBOA_Glc,0.09272
81,S16,Leaf,Control,2,1,HDMBOA_Glc,0.221125
82,S16,Leaf,Control,2,2,HDMBOA_Glc,0.207576923
83,S16,Leaf,Control,2,3,HDMBOA_Glc,0.195076923
84,S16,Leaf,Control,2,5,HDMBOA_Glc,0.152038462
85,S16,Leaf,Control,2,4,HDMBOA_Glc,0.16688
86,S16,Leaf,Control,2,6,HDMBOA_Glc,0.316076923
87,S16,Leaf,Insect,2,1,HDMBOA_Glc,0.160884615
88,S16,Leaf,Insect,2,2,HDMBOA_Glc,0.243615385
89,S16,Leaf,Insect,2,3,HDMBOA_Glc,0.327384615
90,S16,Leaf,Insect,2,4,HDMBOA_Glc,0.148076923
91,S16,Leaf,Insect,2,5,HDMBOA_Glc,0.215423077
92,S16,Leaf,Insect,2,6,HDMBOA_Glc,0.31756
93,S16,Leaf,Insect,2,7,HDMBOA_Glc,0.257666667
94,S16,Leaf,Insect,2,8,HDMBOA_Glc,NA
95,S7,Leaf,Control,2,1,HDMBOA_Glc,0.132423077
96,S7,Leaf,Control,2,2,HDMBOA_Glc,0.116038462
97,S7,Leaf,Control,2,3,HDMBOA_Glc,0.229074074
98,S7,Leaf,Control,2,4,HDMBOA_Glc,0.070833333
99,S7,Leaf,Control,2,5,HDMBOA_Glc,0.175875
100,S7,Leaf,Control,2,6,HDMBOA_Glc,0.15232
101,S7,Leaf,Insect,2,1,HDMBOA_Glc,0.1695
102,S7,Leaf,Insect,2,2,HDMBOA_Glc,0.114576923
103,S7,Leaf,Insect,2,3,HDMBOA_Glc,0.206875
104,S7,Leaf,Insect,2,4,HDMBOA_Glc,0.08804
105,S7,Leaf,Insect,2,5,HDMBOA_Glc,0.09812
106,S7,Leaf,Insect,2,6,HDMBOA_Glc,0.077730769
107,S7,Leaf,Insect,2,7,HDMBOA_Glc,0.117222222
108,S7,Leaf,Insect,2,8,HDMBOA_Glc,0.073
109,C10,Leaf,Control,1,10,HDMBOA_Glc,0.117444444
110,C10,Leaf,Control,1,2,HDMBOA_Glc,0.06028
111,C10,Leaf,Control,1,3,HDMBOA_Glc,0.091407407
112,C10,Leaf,Control,1,4,HDMBOA_Glc,0.117625
113,C10,Leaf,Control,1,5,HDMBOA_Glc,0.128833333
114,C10,Leaf,Control,1,6,HDMBOA_Glc,0.07072
115,C10,Leaf,Insect,1,1,HDMBOA_Glc,0.130166667
116,C10,Leaf,Insect,1,2,HDMBOA_Glc,0.10604
117,C10,Leaf,Insect,1,3,HDMBOA_Glc,0.24312
118,C10,Leaf,Insect,1,4,HDMBOA_Glc,0.1445
119,C10,Leaf,Insect,1,5,HDMBOA_Glc,0.069208333
120,C10,Leaf,Insect,1,6,HDMBOA_Glc,0.115958333
121,C10,Leaf,Insect,1,7,HDMBOA_Glc,0.190038462
122,C10,Leaf,Insect,1,8,HDMBOA_Glc,0.115958333
123,C112,Leaf,Control,1,1,HDMBOA_Glc,0.242884615
124,C112,Leaf,Control,1,2,HDMBOA_Glc,0.172153846
125,C112,Leaf,Control,1,3,HDMBOA_Glc,0.234259259
126,C112,Leaf,Control,1,5,HDMBOA_Glc,0.291666667
127,C112,Leaf,Control,1,4,HDMBOA_Glc,0.2982
128,C112,Leaf,Control,1,6,HDMBOA_Glc,0.275230769
129,C112,Leaf,Insect,1,1,HDMBOA_Glc,0.303
130,C112,Leaf,Insect,1,2,HDMBOA_Glc,0.35584
131,C112,Leaf,Insect,1,3,HDMBOA_Glc,0.37208
132,C112,Leaf,Insect,1,4,HDMBOA_Glc,0.151740741
133,C112,Leaf,Insect,1,5,HDMBOA_Glc,0.291125
134,C112,Leaf,Insect,1,6,HDMBOA_Glc,0.237
135,C112,Leaf,Insect,1,7,HDMBOA_Glc,0.258555556
136,S16,Leaf,Control,1,1,HDMBOA_Glc,0.271807692
137,S16,Leaf,Control,1,2,HDMBOA_Glc,0.14016
138,S16,Leaf,Control,1,3,HDMBOA_Glc,0.159807692
139,S16,Leaf,Control,1,4,HDMBOA_Glc,0.188
140,S16,Leaf,Control,1,5,HDMBOA_Glc,0.161208333
141,S16,Leaf,Control,1,6,HDMBOA_Glc,0.283037037
142,S16,Leaf,Insect,1,1,HDMBOA_Glc,0.2724
143,S16,Leaf,Insect,1,2,HDMBOA_Glc,0.241375
144,S16,Leaf,Insect,1,5,HDMBOA_Glc,0.18664
146,S16,Leaf,Insect,1,4,HDMBOA_Glc,0.11136
145,S16,Leaf,Insect,1,3,HDMBOA_Glc,0.312166667
147,S16,Leaf,Insect,1,6,HDMBOA_Glc,0.17132
148,S16,Leaf,Insect,1,7,HDMBOA_Glc,0.304727273
149,S16,Leaf,Insect,1,8,HDMBOA_Glc,0.311148148
150,S7,Leaf,Control,1,1,HDMBOA_Glc,0.09432
151,S7,Leaf,Control,1,2,HDMBOA_Glc,0.121
152,S7,Leaf,Control,1,3,HDMBOA_Glc,0.1035
153,S7,Leaf,Control,1,4,HDMBOA_Glc,0.08372
154,S7,Leaf,Control,1,5,HDMBOA_Glc,0.092115385
155,S7,Leaf,Control,1,6,HDMBOA_Glc,0.08916
156,S7,Leaf,Insect,1,1,HDMBOA_Glc,0.18232
157,S7,Leaf,Insect,1,3,HDMBOA_Glc,0.23472
158,S7,Leaf,Insect,1,2,HDMBOA_Glc,0.188208333
159,S7,Leaf,Insect,1,4,HDMBOA_Glc,0.192703704
160,S7,Leaf,Insect,1,6,HDMBOA_Glc,0.27728
161,S7,Leaf,Insect,1,5,HDMBOA_Glc,0.237625
162,S7,Leaf,Insect,1,9,HDMBOA_Glc,0.264538462
163,S7,Leaf,Insect,1,8,HDMBOA_Glc,0.17164
327,C112,Leaf,Insect,2,8,HDMBOA_Glc,0.217888889
T19,S16,Root,Control,1,8,HMBOA_Glc,0.08792
T20,S16,Root,Control,1,9,HMBOA_Glc,0.051444444
T21,S16,Root,Control,1,10,HMBOA_Glc,0.06476
T22,S16,Root,Insect,1,9,HMBOA_Glc,0.09
T23,S16,Root,Insect,1,10,HMBOA_Glc,0.06752
T24,S16,Root,Insect,1,11,HMBOA_Glc,0.056730769
164,C10,Root,Control,1,1,HMBOA_Glc,0.0344
165,C10,Root,Control,1,2,HMBOA_Glc,0.036769231
166,C10,Root,Control,1,3,HMBOA_Glc,0.0304
167,C10,Root,Control,1,4,HMBOA_Glc,0.03052
168,C10,Root,Control,1,5,HMBOA_Glc,0.024807692
169,C10,Root,Control,1,6,HMBOA_Glc,0.026259259
170,C10,Root,Insect,1,1,HMBOA_Glc,0.045153846
171,C10,Root,Insect,1,2,HMBOA_Glc,0.0402
172,C10,Root,Insect,1,3,HMBOA_Glc,0.055444444
173,C10,Root,Insect,1,4,HMBOA_Glc,0.05688
174,C10,Root,Insect,1,5,HMBOA_Glc,0.045458333
175,C10,Root,Insect,1,6,HMBOA_Glc,0.03137037
176,C10,Root,Insect,1,7,HMBOA_Glc,0.053888889
177,C10,Root,Insect,1,8,HMBOA_Glc,0.05476
178,C112,Root,Control,1,1,HMBOA_Glc,0.035708333
179,C112,Root,Control,1,2,HMBOA_Glc,0.024703704
180,C112,Root,Control,1,3,HMBOA_Glc,0.04852
181,C112,Root,Control,1,4,HMBOA_Glc,0.03644
182,C112,Root,Control,1,5,HMBOA_Glc,0.03708
183,C112,Root,Control,1,6,HMBOA_Glc,0.0612
184,C112,Root,Insect,1,1,HMBOA_Glc,0.04896
185,C112,Root,Insect,1,2,HMBOA_Glc,0.036833333
186,C112,Root,Insect,1,3,HMBOA_Glc,0.0628
187,C112,Root,Insect,1,4,HMBOA_Glc,0.065
188,C112,Root,Insect,1,5,HMBOA_Glc,0.104884615
189,C112,Root,Insect,1,6,HMBOA_Glc,0.082
190,C112,Root,Insect,1,7,HMBOA_Glc,0.058461538
191,C112,Root,Insect,1,8,HMBOA_Glc,0.069807692
192,S16,Root,Control,1,1,HMBOA_Glc,0.047884615
193,S16,Root,Control,1,2,HMBOA_Glc,0.054625
194,S16,Root,Control,1,3,HMBOA_Glc,0.02252
195,S16,Root,Control,1,5,HMBOA_Glc,0.031041667
196,S16,Root,Control,1,4,HMBOA_Glc,0.045851852
197,S16,Root,Control,1,6,HMBOA_Glc,0.018740741
198,S16,Root,Insect,1,1,HMBOA_Glc,0.049851852
199,S16,Root,Insect,1,2,HMBOA_Glc,0.051846154
200,S16,Root,Insect,1,3,HMBOA_Glc,0.044615385
202,S16,Root,Insect,1,4,HMBOA_Glc,0.086269231
201,S16,Root,Insect,1,5,HMBOA_Glc,0.036333333
203,S16,Root,Insect,1,6,HMBOA_Glc,0.02172
311,S7,Root,Control,1,1,HMBOA_Glc,0.04872
312,S7,Root,Control,1,2,HMBOA_Glc,0.02516
206,S7,Root,Control,1,3,HMBOA_Glc,0.02764
207,S7,Root,Control,1,4,HMBOA_Glc,0.029956522
208,S7,Root,Control,1,5,HMBOA_Glc,0.039708333
209,S7,Root,Control,1,6,HMBOA_Glc,0.027259259
210,S7,Root,Insect,1,1,HMBOA_Glc,0.041576923
211,S7,Root,Insect,1,2,HMBOA_Glc,0.039576923
212,S7,Root,Insect,1,3,HMBOA_Glc,0.012076923
213,S7,Root,Insect,1,4,HMBOA_Glc,0.076576923
214,S7,Root,Insect,1,5,HMBOA_Glc,0.084192308
215,S7,Root,Insect,1,6,HMBOA_Glc,0.039923077
216,S7,Root,Insect,1,7,HMBOA_Glc,0.059576923
272,C10,Root,Control,1,10,HMBOA_Glc,0.049692308
273,C10,Root,Control,1,2,HMBOA_Glc,0.054730769
274,C10,Root,Control,1,3,HMBOA_Glc,0.02884
275,C10,Root,Control,1,4,HMBOA_Glc,0.04208
276,C10,Root,Control,1,5,HMBOA_Glc,0.024148148
277,C10,Root,Control,1,6,HMBOA_Glc,0.075458333
278,C10,Root,Insect,1,1,HMBOA_Glc,0.097958333
279,C10,Root,Insect,1,2,HMBOA_Glc,0.02816
280,C10,Root,Insect,1,3,HMBOA_Glc,0.085875
281,C10,Root,Insect,1,5,HMBOA_Glc,0.044884615
282,C10,Root,Insect,1,4,HMBOA_Glc,0.042692308
283,C10,Root,Insect,1,6,HMBOA_Glc,0.038384615
284,C10,Root,Insect,1,7,HMBOA_Glc,0.03116
285,C10,Root,Insect,1,8,HMBOA_Glc,0.04792
286,C112,Root,Control,1,1,HMBOA_Glc,0.04072
287,C112,Root,Control,1,2,HMBOA_Glc,0.059
288,C112,Root,Control,1,3,HMBOA_Glc,0.072076923
289,C112,Root,Control,1,4,HMBOA_Glc,0.045541667
290,C112,Root,Control,1,5,HMBOA_Glc,0.087888889
291,C112,Root,Control,1,6,HMBOA_Glc,0.06372
292,C112,Root,Insect,1,1,HMBOA_Glc,0.0324
293,C112,Root,Insect,1,2,HMBOA_Glc,0.068038462
294,C112,Root,Insect,1,3,HMBOA_Glc,0.051222222
295,C112,Root,Insect,1,4,HMBOA_Glc,0.02292
296,C112,Root,Insect,1,5,HMBOA_Glc,0.05348
297,C112,Root,Insect,1,6,HMBOA_Glc,0.035166667
298,C112,Root,Insect,1,7,HMBOA_Glc,0.10316
299,S16,Root,Control,1,1,HMBOA_Glc,0.084375
300,S16,Root,Control,1,2,HMBOA_Glc,0.067407407
301,S16,Root,Control,1,3,HMBOA_Glc,0.046
302,S16,Root,Control,1,5,HMBOA_Glc,0.083333333
303,S16,Root,Control,1,4,HMBOA_Glc,0.055703704
304,S16,Root,Control,1,6,HMBOA_Glc,0.0765
305,S16,Root,Insect,1,1,HMBOA_Glc,0.116518519
306,S16,Root,Insect,1,2,HMBOA_Glc,0.079923077
307,S16,Root,Insect,1,3,HMBOA_Glc,0.055481481
308,S16,Root,Insect,1,4,HMBOA_Glc,0.070153846
309,S16,Root,Insect,1,5,HMBOA_Glc,0.136222222
310,S16,Root,Insect,1,6,HMBOA_Glc,0.089769231
204,S16,Root,Insect,1,7,HMBOA_Glc,0.068708333
205,S16,Root,Insect,1,8,HMBOA_Glc,0.0492
313,S7,Root,Control,1,1,HMBOA_Glc,0.029153846
314,S7,Root,Control,1,2,HMBOA_Glc,0.022703704
315,S7,Root,Control,1,3,HMBOA_Glc,0.017074074
316,S7,Root,Control,1,4,HMBOA_Glc,0.014
317,S7,Root,Control,1,5,HMBOA_Glc,0.025925926
318,S7,Root,Control,1,6,HMBOA_Glc,0.02036
319,S7,Root,Insect,1,1,HMBOA_Glc,0.063346154
320,S7,Root,Insect,1,2,HMBOA_Glc,0.035185185
321,S7,Root,Insect,1,3,HMBOA_Glc,0.048923077
322,S7,Root,Insect,1,4,HMBOA_Glc,0.059961538
323,S7,Root,Insect,1,5,HMBOA_Glc,0.060291667
324,S7,Root,Insect,1,6,HMBOA_Glc,0.047222222
325,S7,Root,Insect,1,7,HMBOA_Glc,0.028375
326,S7,Root,Insect,1,8,HMBOA_Glc,0.032518519
T1,C10,Leaf,Control,2,8,HMBOA_Glc,0.022076923
T2,C10,Leaf,Control,2,9,HMBOA_Glc,0.01684
T3,C10,Leaf,Control,2,10,HMBOA_Glc,0.01004
T4,C10,Leaf,Insect,2,9,HMBOA_Glc,0.018416667
T5,C10,Leaf,Insect,2,10,HMBOA_Glc,0.02024
T6,C10,Leaf,Insect,2,11,HMBOA_Glc,0.011185185
T13,S16,Leaf,Control,1,8,HMBOA_Glc,0.02908
T14,S16,Leaf,Control,1,9,HMBOA_Glc,0.02556
T15,S16,Leaf,Control,1,10,HMBOA_Glc,0.017653846
T16,S16,Leaf,Insect,1,9,HMBOA_Glc,0.02784
T17,S16,Leaf,Insect,1,10,HMBOA_Glc,0.020826087
T18,S16,Leaf,Insect,1,11,HMBOA_Glc,0.025615385
54,C10,Leaf,Control,2,1,HMBOA_Glc,0.019481481
55,C10,Leaf,Control,2,2,HMBOA_Glc,0.01616
56,C10,Leaf,Control,2,3,HMBOA_Glc,0.02488
57,C10,Leaf,Control,2,4,HMBOA_Glc,0.018346154
58,C10,Leaf,Control,2,5,HMBOA_Glc,0.017923077
59,C10,Leaf,Control,2,6,HMBOA_Glc,0.022653846
60,C10,Leaf,Insect,2,1,HMBOA_Glc,0.030148148
61,C10,Leaf,Insect,2,2,HMBOA_Glc,0.037037037
62,C10,Leaf,Insect,2,3,HMBOA_Glc,0.039791667
63,C10,Leaf,Insect,2,4,HMBOA_Glc,0.0265
64,C10,Leaf,Insect,2,5,HMBOA_Glc,0.03396
65,C10,Leaf,Insect,2,6,HMBOA_Glc,0.0176
66,C10,Leaf,Insect,2,7,HMBOA_Glc,0.024916667
67,C10,Leaf,Insect,2,8,HMBOA_Glc,0.023
68,C112,Leaf,Control,2,1,HMBOA_Glc,0.029458333
69,C112,Leaf,Control,2,2,HMBOA_Glc,0.039041667
70,C112,Leaf,Control,2,3,HMBOA_Glc,0.019958333
71,C112,Leaf,Control,2,4,HMBOA_Glc,0.016846154
72,C112,Leaf,Control,2,5,HMBOA_Glc,0.0205
73,C112,Leaf,Control,2,6,HMBOA_Glc,0.024851852
74,C112,Leaf,Insect,2,1,HMBOA_Glc,0.018615385
75,C112,Leaf,Insect,2,2,HMBOA_Glc,0.040769231
76,C112,Leaf,Insect,2,3,HMBOA_Glc,0.03556
77,C112,Leaf,Insect,2,4,HMBOA_Glc,0.030923077
78,C112,Leaf,Insect,2,5,HMBOA_Glc,0.029192308
79,C112,Leaf,Insect,2,6,HMBOA_Glc,0.030923077
80,C112,Leaf,Insect,2,7,HMBOA_Glc,0.01788
81,S16,Leaf,Control,2,1,HMBOA_Glc,0.03125
82,S16,Leaf,Control,2,2,HMBOA_Glc,0.025076923
83,S16,Leaf,Control,2,3,HMBOA_Glc,0.028653846
84,S16,Leaf,Control,2,5,HMBOA_Glc,0.022346154
85,S16,Leaf,Control,2,4,HMBOA_Glc,0.01844
86,S16,Leaf,Control,2,6,HMBOA_Glc,0.035692308
87,S16,Leaf,Insect,2,1,HMBOA_Glc,0.024653846
88,S16,Leaf,Insect,2,2,HMBOA_Glc,0.042615385
89,S16,Leaf,Insect,2,3,HMBOA_Glc,0.037846154
90,S16,Leaf,Insect,2,4,HMBOA_Glc,0.018461538
91,S16,Leaf,Insect,2,5,HMBOA_Glc,0.027461538
92,S16,Leaf,Insect,2,6,HMBOA_Glc,0.02444
93,S16,Leaf,Insect,2,7,HMBOA_Glc,0.026875
94,S16,Leaf,Insect,2,8,HMBOA_Glc,NA
95,S7,Leaf,Control,2,1,HMBOA_Glc,0.022384615
96,S7,Leaf,Control,2,2,HMBOA_Glc,0.015115385
97,S7,Leaf,Control,2,3,HMBOA_Glc,0.022444444
98,S7,Leaf,Control,2,4,HMBOA_Glc,0.010333333
99,S7,Leaf,Control,2,5,HMBOA_Glc,0.022791667
100,S7,Leaf,Control,2,6,HMBOA_Glc,0.013
101,S7,Leaf,Insect,2,1,HMBOA_Glc,0.021615385
102,S7,Leaf,Insect,2,2,HMBOA_Glc,0.019038462
103,S7,Leaf,Insect,2,3,HMBOA_Glc,0.022083333
104,S7,Leaf,Insect,2,4,HMBOA_Glc,0.0164
105,S7,Leaf,Insect,2,5,HMBOA_Glc,0.0186
106,S7,Leaf,Insect,2,6,HMBOA_Glc,0.009923077
107,S7,Leaf,Insect,2,7,HMBOA_Glc,0.014111111
108,S7,Leaf,Insect,2,8,HMBOA_Glc,0.00968
109,C10,Leaf,Control,1,10,HMBOA_Glc,0.008148148
110,C10,Leaf,Control,1,2,HMBOA_Glc,0.01428
111,C10,Leaf,Control,1,3,HMBOA_Glc,0.011703704
112,C10,Leaf,Control,1,4,HMBOA_Glc,0.012625
113,C10,Leaf,Control,1,5,HMBOA_Glc,0.009666667
114,C10,Leaf,Control,1,6,HMBOA_Glc,0.00744
115,C10,Leaf,Insect,1,1,HMBOA_Glc,0.020041667
116,C10,Leaf,Insect,1,2,HMBOA_Glc,0.01708
117,C10,Leaf,Insect,1,3,HMBOA_Glc,0.01824
118,C10,Leaf,Insect,1,4,HMBOA_Glc,0.014346154
119,C10,Leaf,Insect,1,5,HMBOA_Glc,0.007458333
120,C10,Leaf,Insect,1,6,HMBOA_Glc,0.011333333
121,C10,Leaf,Insect,1,7,HMBOA_Glc,0.013923077
122,C10,Leaf,Insect,1,8,HMBOA_Glc,0.022
123,C112,Leaf,Control,1,1,HMBOA_Glc,0.027423077
124,C112,Leaf,Control,1,2,HMBOA_Glc,0.013076923
125,C112,Leaf,Control,1,3,HMBOA_Glc,0.019481481
126,C112,Leaf,Control,1,5,HMBOA_Glc,0.023791667
127,C112,Leaf,Control,1,4,HMBOA_Glc,0.02776
128,C112,Leaf,Control,1,6,HMBOA_Glc,0.019423077
129,C112,Leaf,Insect,1,1,HMBOA_Glc,0.02604
130,C112,Leaf,Insect,1,2,HMBOA_Glc,0.02748
131,C112,Leaf,Insect,1,3,HMBOA_Glc,0.0368
132,C112,Leaf,Insect,1,4,HMBOA_Glc,0.024259259
133,C112,Leaf,Insect,1,5,HMBOA_Glc,0.025291667
134,C112,Leaf,Insect,1,6,HMBOA_Glc,0.0355
135,C112,Leaf,Insect,1,7,HMBOA_Glc,0.028148148
136,S16,Leaf,Control,1,1,HMBOA_Glc,0.024076923
137,S16,Leaf,Control,1,2,HMBOA_Glc,0.01764
138,S16,Leaf,Control,1,3,HMBOA_Glc,0.017576923
139,S16,Leaf,Control,1,4,HMBOA_Glc,0.030666667
140,S16,Leaf,Control,1,5,HMBOA_Glc,0.018958333
141,S16,Leaf,Control,1,6,HMBOA_Glc,0.027185185
142,S16,Leaf,Insect,1,1,HMBOA_Glc,0.0304
143,S16,Leaf,Insect,1,2,HMBOA_Glc,0.041625
144,S16,Leaf,Insect,1,5,HMBOA_Glc,0.01564
146,S16,Leaf,Insect,1,4,HMBOA_Glc,0.01564
145,S16,Leaf,Insect,1,3,HMBOA_Glc,0.035916667
147,S16,Leaf,Insect,1,6,HMBOA_Glc,0.019
148,S16,Leaf,Insect,1,7,HMBOA_Glc,0.024272727
149,S16,Leaf,Insect,1,8,HMBOA_Glc,0.024518519
150,S7,Leaf,Control,1,1,HMBOA_Glc,0.012
151,S7,Leaf,Control,1,2,HMBOA_Glc,0.01644
152,S7,Leaf,Control,1,3,HMBOA_Glc,0.019923077
153,S7,Leaf,Control,1,4,HMBOA_Glc,0.01068
154,S7,Leaf,Control,1,5,HMBOA_Glc,0.010461538
155,S7,Leaf,Control,1,6,HMBOA_Glc,0.00708
156,S7,Leaf,Insect,1,1,HMBOA_Glc,0.03656
157,S7,Leaf,Insect,1,3,HMBOA_Glc,0.03124
158,S7,Leaf,Insect,1,2,HMBOA_Glc,0.026416667
159,S7,Leaf,Insect,1,4,HMBOA_Glc,0.025592593
160,S7,Leaf,Insect,1,6,HMBOA_Glc,0.02876
161,S7,Leaf,Insect,1,5,HMBOA_Glc,0.024041667
162,S7,Leaf,Insect,1,9,HMBOA_Glc,0.0295
163,S7,Leaf,Insect,1,8,HMBOA_Glc,0.02404
327,C112,Leaf,Insect,2,8,HMBOA_Glc,0.041222222
T7,C10,Root,Control,2,8,linamarin,NA
T8,C10,Root,Control,2,9,linamarin,NA
T9,C10,Root,Control,2,10,linamarin,NA
T10,C10,Root,Insect,2,9,linamarin,NA
T11,C10,Root,Insect,2,10,linamarin,NA
T12,C10,Root,Insect,2,11,linamarin,NA
T19,S16,Root,Control,1,8,linamarin,NA
T20,S16,Root,Control,1,9,linamarin,NA
T21,S16,Root,Control,1,10,linamarin,NA
T22,S16,Root,Insect,1,9,linamarin,NA
T23,S16,Root,Insect,1,10,linamarin,NA
T24,S16,Root,Insect,1,11,linamarin,NA
164,C10,Root,Control,1,1,linamarin,1.00E-05
165,C10,Root,Control,1,2,linamarin,1.00E-05
166,C10,Root,Control,1,3,linamarin,1.00E-05
167,C10,Root,Control,1,4,linamarin,1.00E-05
168,C10,Root,Control,1,5,linamarin,1.00E-05
169,C10,Root,Control,1,6,linamarin,1.00E-05
170,C10,Root,Insect,1,1,linamarin,1.00E-05
171,C10,Root,Insect,1,2,linamarin,1.00E-05
172,C10,Root,Insect,1,3,linamarin,1.00E-05
173,C10,Root,Insect,1,4,linamarin,1.00E-05
174,C10,Root,Insect,1,5,linamarin,1.00E-05
175,C10,Root,Insect,1,6,linamarin,1.00E-05
176,C10,Root,Insect,1,7,linamarin,1.00E-05
177,C10,Root,Insect,1,8,linamarin,1.00E-05
178,C112,Root,Control,1,1,linamarin,1.00E-05
179,C112,Root,Control,1,2,linamarin,1.00E-05
180,C112,Root,Control,1,3,linamarin,1.00E-05
181,C112,Root,Control,1,4,linamarin,1.00E-05
182,C112,Root,Control,1,5,linamarin,1.00E-05
183,C112,Root,Control,1,6,linamarin,1.00E-05
184,C112,Root,Insect,1,1,linamarin,1.00E-05
185,C112,Root,Insect,1,2,linamarin,1.00E-05
186,C112,Root,Insect,1,3,linamarin,1.00E-05
187,C112,Root,Insect,1,4,linamarin,1.00E-05
188,C112,Root,Insect,1,5,linamarin,1.00E-05
189,C112,Root,Insect,1,6,linamarin,1.00E-05
190,C112,Root,Insect,1,7,linamarin,1.00E-05
191,C112,Root,Insect,1,8,linamarin,1.00E-05
192,S16,Root,Control,1,1,linamarin,1.00E-05
193,S16,Root,Control,1,2,linamarin,1.00E-05
194,S16,Root,Control,1,3,linamarin,1.00E-05
195,S16,Root,Control,1,5,linamarin,1.00E-05
196,S16,Root,Control,1,4,linamarin,1.00E-05
197,S16,Root,Control,1,6,linamarin,1.00E-05
198,S16,Root,Insect,1,1,linamarin,1.00E-05
199,S16,Root,Insect,1,2,linamarin,1.00E-05
200,S16,Root,Insect,1,3,linamarin,1.00E-05
202,S16,Root,Insect,1,4,linamarin,1.00E-05
201,S16,Root,Insect,1,5,linamarin,1.00E-05
203,S16,Root,Insect,1,6,linamarin,1.00E-05
311,S7,Root,Control,1,1,linamarin,1.00E-05
312,S7,Root,Control,1,2,linamarin,1.00E-05
206,S7,Root,Control,1,3,linamarin,1.00E-05
207,S7,Root,Control,1,4,linamarin,1.00E-05
208,S7,Root,Control,1,5,linamarin,1.00E-05
209,S7,Root,Control,1,6,linamarin,1.00E-05
210,S7,Root,Insect,1,1,linamarin,1.00E-05
211,S7,Root,Insect,1,2,linamarin,1.00E-05
212,S7,Root,Insect,1,3,linamarin,1.00E-05
213,S7,Root,Insect,1,4,linamarin,1.00E-05
214,S7,Root,Insect,1,5,linamarin,1.00E-05
215,S7,Root,Insect,1,6,linamarin,1.00E-05
216,S7,Root,Insect,1,7,linamarin,1.00E-05
217,C10,Root,Control,2,1,linamarin,1.00E-05
218,C10,Root,Control,2,2,linamarin,1.00E-05
219,C10,Root,Control,2,3,linamarin,1.00E-05
220,C10,Root,Control,2,4,linamarin,1.00E-05
221,C10,Root,Control,2,5,linamarin,1.00E-05
222,C10,Root,Control,2,6,linamarin,1.00E-05
223,C10,Root,Insect,2,1,linamarin,1.00E-05
224,C10,Root,Insect,2,2,linamarin,1.00E-05
225,C10,Root,Insect,2,3,linamarin,1.00E-05
226,C10,Root,Insect,2,4,linamarin,1.00E-05
227,C10,Root,Insect,2,5,linamarin,1.00E-05
228,C10,Root,Insect,2,6,linamarin,1.00E-05
229,C10,Root,Insect,2,7,linamarin,1.00E-05
230,C10,Root,Insect,2,8,linamarin,1.00E-05
231,C112,Root,Control,2,1,linamarin,1.00E-05
232,C112,Root,Control,2,2,linamarin,1.00E-05
233,C112,Root,Control,2,4,linamarin,1.00E-05
234,C112,Root,Control,2,3,linamarin,1.00E-05
235,C112,Root,Control,2,5,linamarin,1.00E-05
236,C112,Root,Control,2,6,linamarin,1.00E-05
237,C112,Root,Insect,2,1,linamarin,1.00E-05
238,C112,Root,Insect,2,2,linamarin,1.00E-05
239,C112,Root,Insect,2,3,linamarin,1.00E-05
240,C112,Root,Insect,2,4,linamarin,1.00E-05
241,C112,Root,Insect,2,5,linamarin,1.00E-05
242,C112,Root,Insect,2,6,linamarin,1.00E-05
243,C112,Root,Insect,2,7,linamarin,1.00E-05
244,S16,Root,Control,2,1,linamarin,1.00E-05
245,S16,Root,Control,2,2,linamarin,1.00E-05
246,S16,Root,Control,2,3,linamarin,1.00E-05
247,S16,Root,Control,2,4,linamarin,1.00E-05
248,S16,Root,Control,2,5,linamarin,1.00E-05
249,S16,Root,Control,2,6,linamarin,1.00E-05
250,S16,Root,Insect,2,1,linamarin,1.00E-05
251,S16,Root,Insect,2,2,linamarin,1.00E-05
252,S16,Root,Insect,2,3,linamarin,1.00E-05
253,S16,Root,Insect,2,4,linamarin,1.00E-05
254,S16,Root,Insect,2,5,linamarin,1.00E-05
255,S16,Root,Insect,2,6,linamarin,1.00E-05
256,S16,Root,Insect,2,7,linamarin,1.00E-05
257,S16,Root,Insect,2,8,linamarin,NA
258,S7,Root,Control,2,1,linamarin,1.00E-05
259,S7,Root,Control,2,2,linamarin,1.00E-05
260,S7,Root,Control,2,3,linamarin,1.00E-05
261,S7,Root,Control,2,4,linamarin,1.00E-05
262,S7,Root,Control,2,5,linamarin,1.00E-05
263,S7,Root,Control,2,6,linamarin,1.00E-05
264,S7,Root,Insect,2,1,linamarin,1.00E-05
265,S7,Root,Insect,2,2,linamarin,1.00E-05
266,S7,Root,Insect,2,3,linamarin,1.00E-05
267,S7,Root,Insect,2,4,linamarin,1.00E-05
268,S7,Root,Insect,2,5,linamarin,1.00E-05
269,S7,Root,Insect,2,6,linamarin,1.00E-05
270,S7,Root,Insect,2,7,linamarin,NA
271,S7,Root,Insect,2,8,linamarin,1.00E-05
272,C10,Root,Control,1,10,linamarin,1.00E-05
273,C10,Root,Control,1,2,linamarin,1.00E-05
274,C10,Root,Control,1,3,linamarin,1.00E-05
275,C10,Root,Control,1,4,linamarin,1.00E-05
276,C10,Root,Control,1,5,linamarin,1.00E-05
277,C10,Root,Control,1,6,linamarin,1.00E-05
278,C10,Root,Insect,1,1,linamarin,1.00E-05
279,C10,Root,Insect,1,2,linamarin,1.00E-05
280,C10,Root,Insect,1,3,linamarin,1.00E-05
281,C10,Root,Insect,1,5,linamarin,1.00E-05
282,C10,Root,Insect,1,4,linamarin,1.00E-05
283,C10,Root,Insect,1,6,linamarin,1.00E-05
284,C10,Root,Insect,1,7,linamarin,1.00E-05
285,C10,Root,Insect,1,8,linamarin,1.00E-05
286,C112,Root,Control,1,1,linamarin,1.00E-05
287,C112,Root,Control,1,2,linamarin,1.00E-05
288,C112,Root,Control,1,3,linamarin,1.00E-05
289,C112,Root,Control,1,4,linamarin,1.00E-05
290,C112,Root,Control,1,5,linamarin,1.00E-05
291,C112,Root,Control,1,6,linamarin,1.00E-05
292,C112,Root,Insect,1,1,linamarin,1.00E-05
293,C112,Root,Insect,1,2,linamarin,1.00E-05
294,C112,Root,Insect,1,3,linamarin,1.00E-05
295,C112,Root,Insect,1,4,linamarin,1.00E-05
296,C112,Root,Insect,1,5,linamarin,1.00E-05
297,C112,Root,Insect,1,6,linamarin,1.00E-05
298,C112,Root,Insect,1,7,linamarin,1.00E-05
299,S16,Root,Control,1,1,linamarin,1.00E-05
300,S16,Root,Control,1,2,linamarin,1.00E-05
301,S16,Root,Control,1,3,linamarin,1.00E-05
302,S16,Root,Control,1,5,linamarin,1.00E-05
303,S16,Root,Control,1,4,linamarin,1.00E-05
304,S16,Root,Control,1,6,linamarin,1.00E-05
305,S16,Root,Insect,1,1,linamarin,1.00E-05
306,S16,Root,Insect,1,2,linamarin,1.00E-05
307,S16,Root,Insect,1,3,linamarin,1.00E-05
308,S16,Root,Insect,1,4,linamarin,1.00E-05
309,S16,Root,Insect,1,5,linamarin,1.00E-05
310,S16,Root,Insect,1,6,linamarin,1.00E-05
204,S16,Root,Insect,1,7,linamarin,1.00E-05
205,S16,Root,Insect,1,8,linamarin,1.00E-05
313,S7,Root,Control,1,1,linamarin,1.00E-05
314,S7,Root,Control,1,2,linamarin,1.00E-05
315,S7,Root,Control,1,3,linamarin,1.00E-05
316,S7,Root,Control,1,4,linamarin,1.00E-05
317,S7,Root,Control,1,5,linamarin,1.00E-05
318,S7,Root,Control,1,6,linamarin,1.00E-05
319,S7,Root,Insect,1,1,linamarin,1.00E-05
320,S7,Root,Insect,1,2,linamarin,1.00E-05
321,S7,Root,Insect,1,3,linamarin,1.00E-05
322,S7,Root,Insect,1,4,linamarin,1.00E-05
323,S7,Root,Insect,1,5,linamarin,1.00E-05
324,S7,Root,Insect,1,6,linamarin,1.00E-05
325,S7,Root,Insect,1,7,linamarin,1.00E-05
326,S7,Root,Insect,1,8,linamarin,1.00E-05
328,C112,Root,Insect,2,8,linamarin,1.00E-05
T13,S16,Leaf,Control,1,8,linamarin,0.00184
T14,S16,Leaf,Control,1,9,linamarin,NA
T15,S16,Leaf,Control,1,10,linamarin,NA
T16,S16,Leaf,Insect,1,9,linamarin,0.00988
T17,S16,Leaf,Insect,1,10,linamarin,NA
T18,S16,Leaf,Insect,1,11,linamarin,NA
1,C10,Leaf,Control,1,1,linamarin,0.005307692
2,C10,Leaf,Control,1,2,linamarin,0.01144
3,C10,Leaf,Control,1,3,linamarin,0.007884615
4,C10,Leaf,Control,1,4,linamarin,0.008333333
5,C10,Leaf,Control,1,5,linamarin,0.00225
6,C10,Leaf,Control,1,6,linamarin,0.01004
7,C10,Leaf,Insect,1,1,linamarin,0.006875
8,C10,Leaf,Insect,1,2,linamarin,0.00824
9,C10,Leaf,Insect,1,3,linamarin,0.00924
10,C10,Leaf,Insect,1,4,linamarin,0.01112
11,C10,Leaf,Insect,1,5,linamarin,0.016583333
12,C10,Leaf,Insect,1,6,linamarin,0.013615385
13,C10,Leaf,Insect,1,7,linamarin,0.009346154
14,C10,Leaf,Insect,1,8,linamarin,0.007576923
15,C112,Leaf,Control,1,1,linamarin,0.00828
16,C112,Leaf,Control,1,2,linamarin,0.006346154
17,C112,Leaf,Control,1,3,linamarin,0.008041667
18,C112,Leaf,Control,1,4,linamarin,0.005481481
19,C112,Leaf,Control,1,5,linamarin,0.011
20,C112,Leaf,Control,1,6,linamarin,0.01292
21,C112,Leaf,Insect,1,1,linamarin,0.011730769
22,C112,Leaf,Insect,1,2,linamarin,0.008888889
23,C112,Leaf,Insect,1,3,linamarin,0.008916667
24,C112,Leaf,Insect,1,4,linamarin,0.01192
25,C112,Leaf,Insect,1,5,linamarin,0.0102
26,C112,Leaf,Insect,1,6,linamarin,0.00412
27,C112,Leaf,Insect,1,7,linamarin,0.009346154
28,C112,Leaf,Insect,1,8,linamarin,0.006291667
29,S16,Leaf,Control,1,1,linamarin,0.008037037
30,S16,Leaf,Control,1,2,linamarin,0.009458333
31,S16,Leaf,Control,1,3,linamarin,0.006666667
32,S16,Leaf,Control,1,4,linamarin,0.0122
33,S16,Leaf,Control,1,5,linamarin,0.009916667
34,S16,Leaf,Control,1,6,linamarin,0.00672
35,S16,Leaf,Insect,1,1,linamarin,0.014541667
36,S16,Leaf,Insect,1,2,linamarin,0.01
37,S16,Leaf,Insect,1,3,linamarin,7.60E-04
38,S16,Leaf,Insect,1,4,linamarin,0.004625
39,S16,Leaf,Insect,1,5,linamarin,0.011814815
40,S16,Leaf,Insect,1,6,linamarin,0.010458333
41,S7,Leaf,Control,1,1,linamarin,0.0066
42,S7,Leaf,Control,1,2,linamarin,0.003666667
43,S7,Leaf,Control,1,3,linamarin,0.005923077
44,S7,Leaf,Control,1,4,linamarin,5.56E-04
45,S7,Leaf,Control,1,5,linamarin,0.00644
46,S7,Leaf,Control,1,6,linamarin,5.38E-04
47,S7,Leaf,Insect,1,1,linamarin,0.014666667
48,S7,Leaf,Insect,1,2,linamarin,7.20E-04
49,S7,Leaf,Insect,1,3,linamarin,0.007407407
50,S7,Leaf,Insect,1,4,linamarin,0.010769231
51,S7,Leaf,Insect,1,5,linamarin,6.40E-04
52,S7,Leaf,Insect,1,6,linamarin,8.40E-04
53,S7,Leaf,Insect,1,7,linamarin,5.60E-04
109,C10,Leaf,Control,1,10,linamarin,5.19E-04
110,C10,Leaf,Control,1,2,linamarin,0.00452
111,C10,Leaf,Control,1,3,linamarin,0.006851852
112,C10,Leaf,Control,1,4,linamarin,0.003291667
113,C10,Leaf,Control,1,5,linamarin,0.007875
114,C10,Leaf,Control,1,6,linamarin,0.00644
115,C10,Leaf,Insect,1,1,linamarin,7.50E-04
116,C10,Leaf,Insect,1,2,linamarin,6.00E-04
117,C10,Leaf,Insect,1,3,linamarin,0.01276
118,C10,Leaf,Insect,1,4,linamarin,0.006769231
119,C10,Leaf,Insect,1,5,linamarin,0.00425
120,C10,Leaf,Insect,1,6,linamarin,0.007166667
121,C10,Leaf,Insect,1,7,linamarin,0.020153846
122,C10,Leaf,Insect,1,8,linamarin,0.008458333
123,C112,Leaf,Control,1,1,linamarin,0.015269231
124,C112,Leaf,Control,1,2,linamarin,0.010038462
125,C112,Leaf,Control,1,3,linamarin,0.009
126,C112,Leaf,Control,1,5,linamarin,7.92E-04
127,C112,Leaf,Control,1,4,linamarin,0.01084
128,C112,Leaf,Control,1,6,linamarin,6.92E-04
129,C112,Leaf,Insect,1,1,linamarin,0.0014
130,C112,Leaf,Insect,1,2,linamarin,0.0062
131,C112,Leaf,Insect,1,3,linamarin,0.01176
132,C112,Leaf,Insect,1,4,linamarin,0.011185185
133,C112,Leaf,Insect,1,5,linamarin,7.50E-04
134,C112,Leaf,Insect,1,6,linamarin,1.00E-05
135,C112,Leaf,Insect,1,7,linamarin,0.013222222
136,S16,Leaf,Control,1,1,linamarin,0.013576923
137,S16,Leaf,Control,1,2,linamarin,0.00492
138,S16,Leaf,Control,1,3,linamarin,0.004615385
139,S16,Leaf,Control,1,4,linamarin,0.003740741
140,S16,Leaf,Control,1,5,linamarin,5.42E-04
141,S16,Leaf,Control,1,6,linamarin,0.004444444
142,S16,Leaf,Insect,1,1,linamarin,7.60E-04
143,S16,Leaf,Insect,1,2,linamarin,0.007541667
144,S16,Leaf,Insect,1,5,linamarin,0.01076
146,S16,Leaf,Insect,1,4,linamarin,0.00456
145,S16,Leaf,Insect,1,3,linamarin,0.003583333
147,S16,Leaf,Insect,1,6,linamarin,0.01112
148,S16,Leaf,Insect,1,7,linamarin,6.82E-04
149,S16,Leaf,Insect,1,8,linamarin,4.81E-04
150,S7,Leaf,Control,1,1,linamarin,0.00708
151,S7,Leaf,Control,1,2,linamarin,0.00864
152,S7,Leaf,Control,1,3,linamarin,0.005923077
153,S7,Leaf,Control,1,4,linamarin,0.0044
154,S7,Leaf,Control,1,5,linamarin,0.007461538
155,S7,Leaf,Control,1,6,linamarin,0.00528
156,S7,Leaf,Insect,1,1,linamarin,0.00788
157,S7,Leaf,Insect,1,3,linamarin,6.80E-04
158,S7,Leaf,Insect,1,2,linamarin,5.83E-04
159,S7,Leaf,Insect,1,4,linamarin,0.006407407
160,S7,Leaf,Insect,1,6,linamarin,0.0104
161,S7,Leaf,Insect,1,5,linamarin,1.00E-05
162,S7,Leaf,Insect,1,9,linamarin,0.013461538
163,S7,Leaf,Insect,1,8,linamarin,0.0094
T7,C10,Root,Control,2,8,lotaustralin,NA
T8,C10,Root,Control,2,9,lotaustralin,NA
T9,C10,Root,Control,2,10,lotaustralin,NA
T10,C10,Root,Insect,2,9,lotaustralin,NA
T11,C10,Root,Insect,2,10,lotaustralin,NA
T12,C10,Root,Insect,2,11,lotaustralin,NA
T19,S16,Root,Control,1,8,lotaustralin,NA
T20,S16,Root,Control,1,9,lotaustralin,NA
T21,S16,Root,Control,1,10,lotaustralin,NA
T22,S16,Root,Insect,1,9,lotaustralin,NA
T23,S16,Root,Insect,1,10,lotaustralin,NA
T24,S16,Root,Insect,1,11,lotaustralin,NA
164,C10,Root,Control,1,1,lotaustralin,1.00E-05
165,C10,Root,Control,1,2,lotaustralin,1.00E-05
166,C10,Root,Control,1,3,lotaustralin,1.00E-05
167,C10,Root,Control,1,4,lotaustralin,1.00E-05
168,C10,Root,Control,1,5,lotaustralin,1.00E-05
169,C10,Root,Control,1,6,lotaustralin,1.00E-05
170,C10,Root,Insect,1,1,lotaustralin,1.00E-05
171,C10,Root,Insect,1,2,lotaustralin,1.00E-05
172,C10,Root,Insect,1,3,lotaustralin,1.00E-05
173,C10,Root,Insect,1,4,lotaustralin,1.00E-05
174,C10,Root,Insect,1,5,lotaustralin,1.00E-05
175,C10,Root,Insect,1,6,lotaustralin,1.00E-05
176,C10,Root,Insect,1,7,lotaustralin,1.00E-05
177,C10,Root,Insect,1,8,lotaustralin,1.00E-05
178,C112,Root,Control,1,1,lotaustralin,1.00E-05
179,C112,Root,Control,1,2,lotaustralin,1.00E-05
180,C112,Root,Control,1,3,lotaustralin,1.00E-05
181,C112,Root,Control,1,4,lotaustralin,1.00E-05
182,C112,Root,Control,1,5,lotaustralin,1.00E-05
183,C112,Root,Control,1,6,lotaustralin,1.00E-05
184,C112,Root,Insect,1,1,lotaustralin,1.00E-05
185,C112,Root,Insect,1,2,lotaustralin,1.00E-05
186,C112,Root,Insect,1,3,lotaustralin,1.00E-05
187,C112,Root,Insect,1,4,lotaustralin,1.00E-05
188,C112,Root,Insect,1,5,lotaustralin,1.00E-05
189,C112,Root,Insect,1,6,lotaustralin,1.00E-05
190,C112,Root,Insect,1,7,lotaustralin,1.00E-05
191,C112,Root,Insect,1,8,lotaustralin,1.00E-05
192,S16,Root,Control,1,1,lotaustralin,1.00E-05
193,S16,Root,Control,1,2,lotaustralin,1.00E-05
194,S16,Root,Control,1,3,lotaustralin,1.00E-05
195,S16,Root,Control,1,5,lotaustralin,1.00E-05
196,S16,Root,Control,1,4,lotaustralin,1.00E-05
197,S16,Root,Control,1,6,lotaustralin,1.00E-05
198,S16,Root,Insect,1,1,lotaustralin,1.00E-05
199,S16,Root,Insect,1,2,lotaustralin,1.00E-05
200,S16,Root,Insect,1,3,lotaustralin,1.00E-05
202,S16,Root,Insect,1,4,lotaustralin,1.00E-05
201,S16,Root,Insect,1,5,lotaustralin,1.00E-05
203,S16,Root,Insect,1,6,lotaustralin,1.00E-05
311,S7,Root,Control,1,1,lotaustralin,1.00E-05
312,S7,Root,Control,1,2,lotaustralin,1.00E-05
206,S7,Root,Control,1,3,lotaustralin,1.00E-05
207,S7,Root,Control,1,4,lotaustralin,1.00E-05
208,S7,Root,Control,1,5,lotaustralin,1.00E-05
209,S7,Root,Control,1,6,lotaustralin,1.00E-05
210,S7,Root,Insect,1,1,lotaustralin,1.00E-05
211,S7,Root,Insect,1,2,lotaustralin,1.00E-05
212,S7,Root,Insect,1,3,lotaustralin,1.00E-05
213,S7,Root,Insect,1,4,lotaustralin,1.00E-05
214,S7,Root,Insect,1,5,lotaustralin,1.00E-05
215,S7,Root,Insect,1,6,lotaustralin,1.00E-05
216,S7,Root,Insect,1,7,lotaustralin,1.00E-05
217,C10,Root,Control,2,1,lotaustralin,1.00E-05
218,C10,Root,Control,2,2,lotaustralin,1.00E-05
219,C10,Root,Control,2,3,lotaustralin,1.00E-05
220,C10,Root,Control,2,4,lotaustralin,1.00E-05
221,C10,Root,Control,2,5,lotaustralin,1.00E-05
222,C10,Root,Control,2,6,lotaustralin,1.00E-05
223,C10,Root,Insect,2,1,lotaustralin,1.00E-05
224,C10,Root,Insect,2,2,lotaustralin,1.00E-05
225,C10,Root,Insect,2,3,lotaustralin,1.00E-05
226,C10,Root,Insect,2,4,lotaustralin,1.00E-05
227,C10,Root,Insect,2,5,lotaustralin,1.00E-05
228,C10,Root,Insect,2,6,lotaustralin,1.00E-05
229,C10,Root,Insect,2,7,lotaustralin,1.00E-05
230,C10,Root,Insect,2,8,lotaustralin,1.00E-05
231,C112,Root,Control,2,1,lotaustralin,1.00E-05
232,C112,Root,Control,2,2,lotaustralin,1.00E-05
233,C112,Root,Control,2,4,lotaustralin,1.00E-05
234,C112,Root,Control,2,3,lotaustralin,1.00E-05
235,C112,Root,Control,2,5,lotaustralin,1.00E-05
236,C112,Root,Control,2,6,lotaustralin,1.00E-05
237,C112,Root,Insect,2,1,lotaustralin,1.00E-05
238,C112,Root,Insect,2,2,lotaustralin,1.00E-05
239,C112,Root,Insect,2,3,lotaustralin,1.00E-05
240,C112,Root,Insect,2,4,lotaustralin,1.00E-05
241,C112,Root,Insect,2,5,lotaustralin,1.00E-05
242,C112,Root,Insect,2,6,lotaustralin,1.00E-05
243,C112,Root,Insect,2,7,lotaustralin,1.00E-05
244,S16,Root,Control,2,1,lotaustralin,1.00E-05
245,S16,Root,Control,2,2,lotaustralin,1.00E-05
246,S16,Root,Control,2,3,lotaustralin,1.00E-05
247,S16,Root,Control,2,4,lotaustralin,1.00E-05
248,S16,Root,Control,2,5,lotaustralin,1.00E-05
249,S16,Root,Control,2,6,lotaustralin,1.00E-05
250,S16,Root,Insect,2,1,lotaustralin,1.00E-05
251,S16,Root,Insect,2,2,lotaustralin,1.00E-05
252,S16,Root,Insect,2,3,lotaustralin,1.00E-05
253,S16,Root,Insect,2,4,lotaustralin,1.00E-05
254,S16,Root,Insect,2,5,lotaustralin,1.00E-05
255,S16,Root,Insect,2,6,lotaustralin,1.00E-05
256,S16,Root,Insect,2,7,lotaustralin,1.00E-05
257,S16,Root,Insect,2,8,lotaustralin,NA
258,S7,Root,Control,2,1,lotaustralin,1.00E-05
259,S7,Root,Control,2,2,lotaustralin,1.00E-05
260,S7,Root,Control,2,3,lotaustralin,1.00E-05
261,S7,Root,Control,2,4,lotaustralin,1.00E-05
262,S7,Root,Control,2,5,lotaustralin,1.00E-05
263,S7,Root,Control,2,6,lotaustralin,1.00E-05
264,S7,Root,Insect,2,1,lotaustralin,1.00E-05
265,S7,Root,Insect,2,2,lotaustralin,1.00E-05
266,S7,Root,Insect,2,3,lotaustralin,1.00E-05
267,S7,Root,Insect,2,4,lotaustralin,1.00E-05
268,S7,Root,Insect,2,5,lotaustralin,1.00E-05
269,S7,Root,Insect,2,6,lotaustralin,1.00E-05
270,S7,Root,Insect,2,7,lotaustralin,NA
271,S7,Root,Insect,2,8,lotaustralin,1.00E-05
272,C10,Root,Control,1,10,lotaustralin,1.00E-05
273,C10,Root,Control,1,2,lotaustralin,1.00E-05
274,C10,Root,Control,1,3,lotaustralin,1.00E-05
275,C10,Root,Control,1,4,lotaustralin,1.00E-05
276,C10,Root,Control,1,5,lotaustralin,1.00E-05
277,C10,Root,Control,1,6,lotaustralin,1.00E-05
278,C10,Root,Insect,1,1,lotaustralin,1.00E-05
279,C10,Root,Insect,1,2,lotaustralin,1.00E-05
280,C10,Root,Insect,1,3,lotaustralin,1.00E-05
281,C10,Root,Insect,1,5,lotaustralin,1.00E-05
282,C10,Root,Insect,1,4,lotaustralin,1.00E-05
283,C10,Root,Insect,1,6,lotaustralin,1.00E-05
284,C10,Root,Insect,1,7,lotaustralin,1.00E-05
285,C10,Root,Insect,1,8,lotaustralin,1.00E-05
286,C112,Root,Control,1,1,lotaustralin,1.00E-05
287,C112,Root,Control,1,2,lotaustralin,1.00E-05
288,C112,Root,Control,1,3,lotaustralin,1.00E-05
289,C112,Root,Control,1,4,lotaustralin,1.00E-05
290,C112,Root,Control,1,5,lotaustralin,1.00E-05
291,C112,Root,Control,1,6,lotaustralin,1.00E-05
292,C112,Root,Insect,1,1,lotaustralin,1.00E-05
293,C112,Root,Insect,1,2,lotaustralin,1.00E-05
294,C112,Root,Insect,1,3,lotaustralin,1.00E-05
295,C112,Root,Insect,1,4,lotaustralin,1.00E-05
296,C112,Root,Insect,1,5,lotaustralin,1.00E-05
297,C112,Root,Insect,1,6,lotaustralin,1.00E-05
298,C112,Root,Insect,1,7,lotaustralin,1.00E-05
299,S16,Root,Control,1,1,lotaustralin,1.00E-05
300,S16,Root,Control,1,2,lotaustralin,1.00E-05
301,S16,Root,Control,1,3,lotaustralin,1.00E-05
302,S16,Root,Control,1,5,lotaustralin,1.00E-05
303,S16,Root,Control,1,4,lotaustralin,1.00E-05
304,S16,Root,Control,1,6,lotaustralin,1.00E-05
305,S16,Root,Insect,1,1,lotaustralin,1.00E-05
306,S16,Root,Insect,1,2,lotaustralin,1.00E-05
307,S16,Root,Insect,1,3,lotaustralin,1.00E-05
308,S16,Root,Insect,1,4,lotaustralin,1.00E-05
309,S16,Root,Insect,1,5,lotaustralin,1.00E-05
310,S16,Root,Insect,1,6,lotaustralin,1.00E-05
204,S16,Root,Insect,1,7,lotaustralin,1.00E-05
205,S16,Root,Insect,1,8,lotaustralin,1.00E-05
313,S7,Root,Control,1,1,lotaustralin,1.00E-05
314,S7,Root,Control,1,2,lotaustralin,1.00E-05
315,S7,Root,Control,1,3,lotaustralin,1.00E-05
316,S7,Root,Control,1,4,lotaustralin,1.00E-05
317,S7,Root,Control,1,5,lotaustralin,1.00E-05
318,S7,Root,Control,1,6,lotaustralin,1.00E-05
319,S7,Root,Insect,1,1,lotaustralin,1.00E-05
320,S7,Root,Insect,1,2,lotaustralin,1.00E-05
321,S7,Root,Insect,1,3,lotaustralin,1.00E-05
322,S7,Root,Insect,1,4,lotaustralin,1.00E-05
323,S7,Root,Insect,1,5,lotaustralin,1.00E-05
324,S7,Root,Insect,1,6,lotaustralin,1.00E-05
325,S7,Root,Insect,1,7,lotaustralin,1.00E-05
326,S7,Root,Insect,1,8,lotaustralin,1.00E-05
328,C112,Root,Insect,2,8,lotaustralin,1.00E-05
T13,S16,Leaf,Control,1,8,lotaustralin,0.007
T14,S16,Leaf,Control,1,9,lotaustralin,NA
T15,S16,Leaf,Control,1,10,lotaustralin,NA
T16,S16,Leaf,Insect,1,9,lotaustralin,0.0522
T17,S16,Leaf,Insect,1,10,lotaustralin,NA
T18,S16,Leaf,Insect,1,11,lotaustralin,NA
1,C10,Leaf,Control,1,1,lotaustralin,0.026769231
2,C10,Leaf,Control,1,2,lotaustralin,0.05092
3,C10,Leaf,Control,1,3,lotaustralin,0.036192308
4,C10,Leaf,Control,1,4,lotaustralin,0.046125
5,C10,Leaf,Control,1,5,lotaustralin,0.004
6,C10,Leaf,Control,1,6,lotaustralin,0.056
7,C10,Leaf,Insect,1,1,lotaustralin,0.025375
8,C10,Leaf,Insect,1,2,lotaustralin,0.02896
9,C10,Leaf,Insect,1,3,lotaustralin,0.0476
10,C10,Leaf,Insect,1,4,lotaustralin,0.05876
11,C10,Leaf,Insect,1,5,lotaustralin,0.086875
12,C10,Leaf,Insect,1,6,lotaustralin,0.074653846
13,C10,Leaf,Insect,1,7,lotaustralin,0.046038462
14,C10,Leaf,Insect,1,8,lotaustralin,0.0405
15,C112,Leaf,Control,1,1,lotaustralin,0.03964
16,C112,Leaf,Control,1,2,lotaustralin,0.031230769
17,C112,Leaf,Control,1,3,lotaustralin,0.04175
18,C112,Leaf,Control,1,4,lotaustralin,0.027111111
19,C112,Leaf,Control,1,5,lotaustralin,0.059615385
20,C112,Leaf,Control,1,6,lotaustralin,0.06468
21,C112,Leaf,Insect,1,1,lotaustralin,0.058461538
22,C112,Leaf,Insect,1,2,lotaustralin,0.051592593
23,C112,Leaf,Insect,1,3,lotaustralin,0.048125
24,C112,Leaf,Insect,1,4,lotaustralin,0.05048
25,C112,Leaf,Insect,1,5,lotaustralin,0.044
26,C112,Leaf,Insect,1,6,lotaustralin,0.0148
27,C112,Leaf,Insect,1,7,lotaustralin,0.038538462
28,C112,Leaf,Insect,1,8,lotaustralin,0.022791667
29,S16,Leaf,Control,1,1,lotaustralin,0.040407407
30,S16,Leaf,Control,1,2,lotaustralin,0.048041667
31,S16,Leaf,Control,1,3,lotaustralin,0.03137037
32,S16,Leaf,Control,1,4,lotaustralin,0.05748
33,S16,Leaf,Control,1,5,lotaustralin,0.053166667
34,S16,Leaf,Control,1,6,lotaustralin,0.03724
35,S16,Leaf,Insect,1,1,lotaustralin,0.08325
36,S16,Leaf,Insect,1,2,lotaustralin,0.05975
37,S16,Leaf,Insect,1,3,lotaustralin,0.00292
38,S16,Leaf,Insect,1,4,lotaustralin,0.023
39,S16,Leaf,Insect,1,5,lotaustralin,0.06937037
40,S16,Leaf,Insect,1,6,lotaustralin,0.052833333
41,S7,Leaf,Control,1,1,lotaustralin,0.03684
42,S7,Leaf,Control,1,2,lotaustralin,0.022166667
43,S7,Leaf,Control,1,3,lotaustralin,0.032384615
44,S7,Leaf,Control,1,4,lotaustralin,0.001185185
45,S7,Leaf,Control,1,5,lotaustralin,0.03828
46,S7,Leaf,Control,1,6,lotaustralin,0.002269231
47,S7,Leaf,Insect,1,1,lotaustralin,0.082458333
48,S7,Leaf,Insect,1,2,lotaustralin,0.00284
49,S7,Leaf,Insect,1,3,lotaustralin,0.038518519
50,S7,Leaf,Insect,1,4,lotaustralin,0.068807692
51,S7,Leaf,Insect,1,5,lotaustralin,0.00248
52,S7,Leaf,Insect,1,6,lotaustralin,0.00228
53,S7,Leaf,Insect,1,7,lotaustralin,0.00156
109,C10,Leaf,Control,1,10,lotaustralin,9.26E-04
110,C10,Leaf,Control,1,2,lotaustralin,0.02124
111,C10,Leaf,Control,1,3,lotaustralin,0.031444444
112,C10,Leaf,Control,1,4,lotaustralin,0.012333333
113,C10,Leaf,Control,1,5,lotaustralin,0.034333333
114,C10,Leaf,Control,1,6,lotaustralin,0.03104
115,C10,Leaf,Insect,1,1,lotaustralin,0.001416667
116,C10,Leaf,Insect,1,2,lotaustralin,7.20E-04
117,C10,Leaf,Insect,1,3,lotaustralin,0.05064
118,C10,Leaf,Insect,1,4,lotaustralin,0.041730769
119,C10,Leaf,Insect,1,5,lotaustralin,0.018041667
120,C10,Leaf,Insect,1,6,lotaustralin,0.036
121,C10,Leaf,Insect,1,7,lotaustralin,0.087653846
122,C10,Leaf,Insect,1,8,lotaustralin,0.051875
123,C112,Leaf,Control,1,1,lotaustralin,0.058269231
124,C112,Leaf,Control,1,2,lotaustralin,0.046192308
125,C112,Leaf,Control,1,3,lotaustralin,0.038555556
126,C112,Leaf,Control,1,5,lotaustralin,0.001375
127,C112,Leaf,Control,1,4,lotaustralin,0.04296
128,C112,Leaf,Control,1,6,lotaustralin,0.001115385
129,C112,Leaf,Insect,1,1,lotaustralin,0.0018
130,C112,Leaf,Insect,1,2,lotaustralin,0.02092
131,C112,Leaf,Insect,1,3,lotaustralin,0.04684
132,C112,Leaf,Insect,1,4,lotaustralin,0.066518519
133,C112,Leaf,Insect,1,5,lotaustralin,0.001541667
134,C112,Leaf,Insect,1,6,lotaustralin,0.002
135,C112,Leaf,Insect,1,7,lotaustralin,0.065296296
136,S16,Leaf,Control,1,1,lotaustralin,0.055615385
137,S16,Leaf,Control,1,2,lotaustralin,0.0212
138,S16,Leaf,Control,1,3,lotaustralin,0.016769231
139,S16,Leaf,Control,1,4,lotaustralin,0.017222222
140,S16,Leaf,Control,1,5,lotaustralin,6.25E-04
141,S16,Leaf,Control,1,6,lotaustralin,0.020037037
142,S16,Leaf,Insect,1,1,lotaustralin,0.00184
143,S16,Leaf,Insect,1,2,lotaustralin,0.041
144,S16,Leaf,Insect,1,5,lotaustralin,0.04812
146,S16,Leaf,Insect,1,4,lotaustralin,0.02136
145,S16,Leaf,Insect,1,3,lotaustralin,0.016791667
147,S16,Leaf,Insect,1,6,lotaustralin,0.05236
148,S16,Leaf,Insect,1,7,lotaustralin,0.001136364
149,S16,Leaf,Insect,1,8,lotaustralin,0.001185185
150,S7,Leaf,Control,1,1,lotaustralin,0.02504
151,S7,Leaf,Control,1,2,lotaustralin,0.03448
152,S7,Leaf,Control,1,3,lotaustralin,0.029076923
153,S7,Leaf,Control,1,4,lotaustralin,0.0176
154,S7,Leaf,Control,1,5,lotaustralin,0.034038462
155,S7,Leaf,Control,1,6,lotaustralin,0.02012
156,S7,Leaf,Insect,1,1,lotaustralin,0.03564
157,S7,Leaf,Insect,1,3,lotaustralin,0.00164
158,S7,Leaf,Insect,1,2,lotaustralin,9.17E-04
159,S7,Leaf,Insect,1,4,lotaustralin,0.03137037
160,S7,Leaf,Insect,1,6,lotaustralin,0.04272
161,S7,Leaf,Insect,1,5,lotaustralin,0.001
162,S7,Leaf,Insect,1,9,lotaustralin,0.058538462
163,S7,Leaf,Insect,1,8,lotaustralin,0.03896
